time_delta,timestamp_seconds,timestamp_raw,lat,lng,group,use,CounterClockwiseSequence,CounterClockwiseSegment
897.6,1698862638.38195,1.69886263838195E+018,40.485636,-80.332658,Path 4 – Northwest Corner,,7,
897.8,1698862638.58294,1.69886263858294E+018,40.485636,-80.332658,Path 4 – Northwest Corner,,8,
898,1698862638.78234,1.69886263878234E+018,40.485636,-80.332659,Path 4 – Northwest Corner,,9,
898.2,1698862638.9828,1.6988626389828E+018,40.485636,-80.332660,Path 4 – Northwest Corner,,10,
898.4,1698862639.18195,1.69886263918195E+018,40.485637,-80.332661,Path 4 – Northwest Corner,,11,
898.6,1698862639.38202,1.69886263938202E+018,40.485637,-80.332662,Path 4 – Northwest Corner,,12,
898.8,1698862639.58208,1.69886263958208E+018,40.485638,-80.332663,Path 4 – Northwest Corner,,13,
899,1698862639.78504,1.69886263978504E+018,40.485638,-80.332665,Path 4 – Northwest Corner,,14,
899.2,1698862639.98232,1.69886263998232E+018,40.485639,-80.332666,Path 4 – Northwest Corner,,15,
899.4,1698862640.18201,1.69886264018201E+018,40.485639,-80.332667,Path 4 – Northwest Corner,,16,
899.6,1698862640.38243,1.69886264038243E+018,40.485640,-80.332669,Path 4 – Northwest Corner,,17,
899.8,1698862640.58302,1.69886264058301E+018,40.485640,-80.332670,Path 4 – Northwest Corner,,18,
900,1698862640.78206,1.69886264078206E+018,40.485641,-80.332670,Path 4 – Northwest Corner,,19,
900.2,1698862640.98237,1.69886264098237E+018,40.485642,-80.332671,Path 4 – Northwest Corner,,20,
900.4,1698862641.18263,1.69886264118263E+018,40.485642,-80.332672,Path 4 – Northwest Corner,,21,
900.6,1698862641.38241,1.69886264138241E+018,40.485643,-80.332672,Path 4 – Northwest Corner,,22,
900.8,1698862641.58228,1.69886264158228E+018,40.485644,-80.332673,Path 4 – Northwest Corner,,23,
901,1698862641.7824,1.6988626417824E+018,40.485644,-80.332673,Path 4 – Northwest Corner,,24,
901.2,1698862641.98173,1.69886264198173E+018,40.485645,-80.332673,Path 4 – Northwest Corner,,25,
901.4,1698862642.18206,1.69886264218206E+018,40.485646,-80.332674,Path 4 – Northwest Corner,,26,
901.6,1698862642.38302,1.69886264238302E+018,40.485647,-80.332674,Path 4 – Northwest Corner,,27,
901.8,1698862642.58207,1.69886264258207E+018,40.485648,-80.332675,Path 4 – Northwest Corner,,28,
902,1698862642.78228,1.69886264278228E+018,40.485648,-80.332675,Path 4 – Northwest Corner,,29,
902.2,1698862642.98189,1.69886264298189E+018,40.485649,-80.332676,Path 4 – Northwest Corner,,30,
902.4,1698862643.18151,1.69886264318151E+018,40.485650,-80.332677,Path 4 – Northwest Corner,,31,
902.61,1698862643.38633,1.69886264338633E+018,40.485651,-80.332678,Path 4 – Northwest Corner,,32,
902.8,1698862643.58244,1.69886264358244E+018,40.485652,-80.332679,Path 4 – Northwest Corner,,33,
903,1698862643.78284,1.69886264378284E+018,40.485653,-80.332679,Path 4 – Northwest Corner,,34,
903.2,1698862643.98193,1.69886264398193E+018,40.485654,-80.332680,Path 4 – Northwest Corner,,35,
903.4,1698862644.18393,1.69886264418393E+018,40.485655,-80.332680,Path 4 – Northwest Corner,,36,
903.6,1698862644.3825,1.6988626443825E+018,40.485655,-80.332680,Path 4 – Northwest Corner,,37,
903.8,1698862644.58315,1.69886264458315E+018,40.485655,-80.332680,Path 4 – Northwest Corner,,38,
904,1698862644.78205,1.69886264478205E+018,40.485655,-80.332680,Path 4 – Northwest Corner,,39,
904.2,1698862644.98213,1.69886264498213E+018,40.485655,-80.332680,Path 4 – Northwest Corner,,40,
904.4,1698862645.1827,1.6988626451827E+018,40.485656,-80.332680,Path 4 – Northwest Corner,,41,
904.6,1698862645.38229,1.69886264538229E+018,40.485656,-80.332680,Path 4 – Northwest Corner,,42,
904.8,1698862645.58108,1.69886264558108E+018,40.485656,-80.332681,Path 4 – Northwest Corner,,43,
905,1698862645.78186,1.69886264578186E+018,40.485657,-80.332681,Path 4 – Northwest Corner,,44,
905.2,1698862645.98154,1.69886264598154E+018,40.485658,-80.332682,Path 4 – Northwest Corner,,45,
905.4,1698862646.1808,1.6988626461808E+018,40.485659,-80.332682,Path 4 – Northwest Corner,,46,
905.6,1698862646.3815,1.6988626463815E+018,40.485659,-80.332683,Path 4 – Northwest Corner,,47,
905.8,1698862646.58123,1.69886264658123E+018,40.485660,-80.332683,Path 4 – Northwest Corner,,48,
906,1698862646.78288,1.69886264678288E+018,40.485661,-80.332684,Path 4 – Northwest Corner,,49,
906.2,1698862646.9822,1.6988626469822E+018,40.485662,-80.332684,Path 4 – Northwest Corner,,50,
906.4,1698862647.18293,1.69886264718293E+018,40.485663,-80.332685,Path 4 – Northwest Corner,,51,
906.6,1698862647.38248,1.69886264738248E+018,40.485664,-80.332685,Path 4 – Northwest Corner,,52,
906.8,1698862647.58387,1.69886264758387E+018,40.485665,-80.332685,Path 4 – Northwest Corner,,53,
907,1698862647.78214,1.69886264778214E+018,40.485666,-80.332685,Path 4 – Northwest Corner,,54,
907.2,1698862647.98215,1.69886264798215E+018,40.485666,-80.332685,Path 4 – Northwest Corner,,55,
907.4,1698862648.18203,1.69886264818203E+018,40.485667,-80.332685,Path 4 – Northwest Corner,,56,
907.6,1698862648.38163,1.69886264838163E+018,40.485668,-80.332685,Path 4 – Northwest Corner,,57,
907.8,1698862648.58136,1.69886264858136E+018,40.485669,-80.332686,Path 4 – Northwest Corner,,58,
908,1698862648.78166,1.69886264878166E+018,40.485670,-80.332686,Path 4 – Northwest Corner,,59,
908.2,1698862648.98129,1.69886264898129E+018,40.485671,-80.332686,Path 4 – Northwest Corner,,60,
908.4,1698862649.18253,1.69886264918253E+018,40.485672,-80.332687,Path 4 – Northwest Corner,,61,
908.6,1698862649.38168,1.69886264938168E+018,40.485673,-80.332687,Path 4 – Northwest Corner,,62,
908.8,1698862649.58236,1.69886264958236E+018,40.485673,-80.332687,Path 4 – Northwest Corner,,63,
909,1698862649.78285,1.69886264978285E+018,40.485674,-80.332688,Path 4 – Northwest Corner,,64,
909.2,1698862649.98349,1.69886264998349E+018,40.485675,-80.332688,Path 4 – Northwest Corner,,65,
909.4,1698862650.18246,1.69886265018246E+018,40.485676,-80.332688,Path 4 – Northwest Corner,,66,
909.6,1698862650.38323,1.69886265038323E+018,40.485677,-80.332689,Path 4 – Northwest Corner,,67,
909.8,1698862650.58364,1.69886265058364E+018,40.485678,-80.332689,Path 4 – Northwest Corner,,68,
910,1698862650.78238,1.69886265078238E+018,40.485679,-80.332689,Path 4 – Northwest Corner,,69,
910.2,1698862650.98179,1.69886265098179E+018,40.485680,-80.332689,Path 4 – Northwest Corner,,70,
910.4,1698862651.18255,1.69886265118255E+018,40.485680,-80.332689,Path 4 – Northwest Corner,,71,
910.6,1698862651.38218,1.69886265138218E+018,40.485681,-80.332689,Path 4 – Northwest Corner,,72,
910.8,1698862651.58212,1.69886265158212E+018,40.485682,-80.332690,Path 4 – Northwest Corner,,73,
911.01,1698862651.78576,1.69886265178576E+018,40.485683,-80.332690,Path 4 – Northwest Corner,,74,
911.2,1698862651.98363,1.69886265198363E+018,40.485684,-80.332690,Path 4 – Northwest Corner,,75,
911.4,1698862652.18213,1.69886265218213E+018,40.485685,-80.332690,Path 4 – Northwest Corner,,76,
911.6,1698862652.38231,1.69886265238231E+018,40.485686,-80.332691,Path 4 – Northwest Corner,,77,
911.8,1698862652.5821,1.6988626525821E+018,40.485687,-80.332691,Path 4 – Northwest Corner,,78,
912,1698862652.78212,1.69886265278212E+018,40.485688,-80.332691,Path 4 – Northwest Corner,,79,
912.2,1698862652.98204,1.69886265298204E+018,40.485688,-80.332692,Path 4 – Northwest Corner,,80,
912.4,1698862653.18189,1.69886265318189E+018,40.485689,-80.332692,Path 4 – Northwest Corner,,81,
912.6,1698862653.38183,1.69886265338183E+018,40.485690,-80.332693,Path 4 – Northwest Corner,,82,
912.8,1698862653.58279,1.69886265358279E+018,40.485691,-80.332693,Path 4 – Northwest Corner,,83,
913,1698862653.78252,1.69886265378252E+018,40.485692,-80.332693,Path 4 – Northwest Corner,,84,
913.2,1698862653.9833,1.6988626539833E+018,40.485693,-80.332694,Path 4 – Northwest Corner,,85,
913.4,1698862654.18176,1.69886265418176E+018,40.485694,-80.332694,Path 4 – Northwest Corner,,86,
913.6,1698862654.38342,1.69886265438342E+018,40.485695,-80.332695,Path 4 – Northwest Corner,,87,
913.8,1698862654.58378,1.69886265458378E+018,40.485695,-80.332695,Path 4 – Northwest Corner,,88,
914,1698862654.78223,1.69886265478223E+018,40.485696,-80.332696,Path 4 – Northwest Corner,,89,
914.2,1698862654.98342,1.69886265498342E+018,40.485697,-80.332696,Path 4 – Northwest Corner,,90,
914.4,1698862655.18153,1.69886265518153E+018,40.485698,-80.332697,Path 4 – Northwest Corner,,91,
914.6,1698862655.38153,1.69886265538153E+018,40.485699,-80.332697,Path 4 – Northwest Corner,,92,
914.8,1698862655.58315,1.69886265558315E+018,40.485700,-80.332698,Path 4 – Northwest Corner,,93,
915,1698862655.78165,1.69886265578165E+018,40.485701,-80.332698,Path 4 – Northwest Corner,,94,
915.2,1698862655.98394,1.69886265598394E+018,40.485701,-80.332699,Path 4 – Northwest Corner,,95,
915.4,1698862656.18132,1.69886265618132E+018,40.485702,-80.332699,Path 4 – Northwest Corner,,96,
915.6,1698862656.38166,1.69886265638166E+018,40.485703,-80.332699,Path 4 – Northwest Corner,,97,
915.8,1698862656.58198,1.69886265658198E+018,40.485704,-80.332700,Path 4 – Northwest Corner,,98,
916,1698862656.78204,1.69886265678204E+018,40.485705,-80.332700,Path 4 – Northwest Corner,,99,
916.2,1698862656.98212,1.69886265698212E+018,40.485706,-80.332701,Path 4 – Northwest Corner,,100,
916.4,1698862657.18204,1.69886265718204E+018,40.485706,-80.332701,Path 4 – Northwest Corner,,101,
916.6,1698862657.3814,1.6988626573814E+018,40.485707,-80.332702,Path 4 – Northwest Corner,,102,
916.8,1698862657.58331,1.69886265758331E+018,40.485708,-80.332703,Path 4 – Northwest Corner,,103,
917,1698862657.78173,1.69886265778173E+018,40.485709,-80.332703,Path 4 – Northwest Corner,,104,
917.2,1698862657.98257,1.69886265798257E+018,40.485710,-80.332704,Path 4 – Northwest Corner,,105,
917.4,1698862658.18208,1.69886265818208E+018,40.485711,-80.332704,Path 4 – Northwest Corner,,106,
917.6,1698862658.38248,1.69886265838248E+018,40.485711,-80.332705,Path 4 – Northwest Corner,,107,
917.8,1698862658.58222,1.69886265858222E+018,40.485712,-80.332706,Path 4 – Northwest Corner,,108,
918,1698862658.78313,1.69886265878313E+018,40.485713,-80.332706,Path 4 – Northwest Corner,,109,
918.2,1698862658.98207,1.69886265898207E+018,40.485714,-80.332707,Path 4 – Northwest Corner,,110,
918.4,1698862659.18261,1.69886265918261E+018,40.485715,-80.332708,Path 4 – Northwest Corner,,111,
918.6,1698862659.38182,1.69886265938182E+018,40.485716,-80.332708,Path 4 – Northwest Corner,,112,
918.8,1698862659.58211,1.69886265958211E+018,40.485717,-80.332709,Path 4 – Northwest Corner,,113,
919,1698862659.78393,1.69886265978393E+018,40.485717,-80.332709,Path 4 – Northwest Corner,,114,
919.2,1698862659.98285,1.69886265998285E+018,40.485718,-80.332710,Path 4 – Northwest Corner,,115,
919.4,1698862660.18281,1.69886266018281E+018,40.485719,-80.332710,Path 4 – Northwest Corner,,116,
919.61,1698862660.38668,1.69886266038668E+018,40.485720,-80.332711,Path 4 – Northwest Corner,,117,
919.8,1698862660.58239,1.69886266058239E+018,40.485721,-80.332712,Path 4 – Northwest Corner,,118,
920.01,1698862660.78646,1.69886266078646E+018,40.485721,-80.332713,Path 4 – Northwest Corner,,119,
920.2,1698862660.9824,1.6988626609824E+018,40.485722,-80.332713,Path 4 – Northwest Corner,,120,
920.4,1698862661.18197,1.69886266118197E+018,40.485723,-80.332714,Path 4 – Northwest Corner,,121,
920.6,1698862661.38135,1.69886266138135E+018,40.485724,-80.332715,Path 4 – Northwest Corner,,122,
920.8,1698862661.5813,1.6988626615813E+018,40.485725,-80.332716,Path 4 – Northwest Corner,,123,
921,1698862661.78177,1.69886266178177E+018,40.485725,-80.332716,Path 4 – Northwest Corner,,124,
921.2,1698862661.98198,1.69886266198198E+018,40.485726,-80.332717,Path 4 – Northwest Corner,,125,
921.4,1698862662.18206,1.69886266218206E+018,40.485727,-80.332718,Path 4 – Northwest Corner,,126,
921.6,1698862662.382,1.698862662382E+018,40.485728,-80.332718,Path 4 – Northwest Corner,,127,
921.8,1698862662.58277,1.69886266258277E+018,40.485728,-80.332719,Path 4 – Northwest Corner,,128,
922,1698862662.78284,1.69886266278284E+018,40.485729,-80.332720,Path 4 – Northwest Corner,,129,
922.2,1698862662.98275,1.69886266298275E+018,40.485730,-80.332721,Path 4 – Northwest Corner,,130,
922.4,1698862663.18294,1.69886266318294E+018,40.485731,-80.332721,Path 4 – Northwest Corner,,131,
922.6,1698862663.38232,1.69886266338232E+018,40.485731,-80.332722,Path 4 – Northwest Corner,,132,
922.8,1698862663.5834,1.6988626635834E+018,40.485732,-80.332723,Path 4 – Northwest Corner,,133,
923,1698862663.78142,1.69886266378142E+018,40.485733,-80.332724,Path 4 – Northwest Corner,,134,
923.2,1698862663.984,1.698862663984E+018,40.485734,-80.332724,Path 4 – Northwest Corner,,135,
923.4,1698862664.18143,1.69886266418143E+018,40.485735,-80.332725,Path 4 – Northwest Corner,,136,
923.6,1698862664.38158,1.69886266438158E+018,40.485735,-80.332726,Path 4 – Northwest Corner,,137,
923.8,1698862664.58195,1.69886266458195E+018,40.485736,-80.332727,Path 4 – Northwest Corner,,138,
924,1698862664.78324,1.69886266478324E+018,40.485737,-80.332728,Path 4 – Northwest Corner,,139,
924.2,1698862664.98342,1.69886266498342E+018,40.485738,-80.332728,Path 4 – Northwest Corner,,140,
924.4,1698862665.18388,1.69886266518388E+018,40.485738,-80.332729,Path 4 – Northwest Corner,,141,
924.6,1698862665.38271,1.69886266538271E+018,40.485739,-80.332730,Path 4 – Northwest Corner,,142,
924.8,1698862665.58183,1.69886266558183E+018,40.485740,-80.332731,Path 4 – Northwest Corner,,143,
925,1698862665.78218,1.69886266578218E+018,40.485740,-80.332732,Path 4 – Northwest Corner,,144,
925.2,1698862665.98266,1.69886266598266E+018,40.485741,-80.332733,Path 4 – Northwest Corner,,145,
925.4,1698862666.18139,1.69886266618139E+018,40.485742,-80.332733,Path 4 – Northwest Corner,,146,
925.6,1698862666.38352,1.69886266638352E+018,40.485743,-80.332734,Path 4 – Northwest Corner,,147,
925.8,1698862666.5815,1.6988626665815E+018,40.485743,-80.332735,Path 4 – Northwest Corner,,148,
926,1698862666.78242,1.69886266678242E+018,40.485744,-80.332735,Path 4 – Northwest Corner,,149,
926.2,1698862666.98368,1.69886266698368E+018,40.485745,-80.332736,Path 4 – Northwest Corner,,150,
926.4,1698862667.18349,1.69886266718349E+018,40.485746,-80.332737,Path 4 – Northwest Corner,,151,
926.6,1698862667.38211,1.69886266738211E+018,40.485747,-80.332737,Path 4 – Northwest Corner,,152,
926.8,1698862667.58213,1.69886266758213E+018,40.485748,-80.332738,Path 4 – Northwest Corner,,153,
927,1698862667.7831,1.6988626677831E+018,40.485749,-80.332738,Path 4 – Northwest Corner,,154,
927.2,1698862667.98313,1.69886266798313E+018,40.485749,-80.332738,Path 4 – Northwest Corner,,155,
927.4,1698862668.18284,1.69886266818284E+018,40.485750,-80.332739,Path 4 – Northwest Corner,,156,
927.6,1698862668.38189,1.69886266838189E+018,40.485751,-80.332740,Path 4 – Northwest Corner,,157,
927.8,1698862668.58241,1.69886266858241E+018,40.485752,-80.332740,Path 4 – Northwest Corner,,158,
928,1698862668.78332,1.69886266878332E+018,40.485752,-80.332741,Path 4 – Northwest Corner,,159,
928.2,1698862668.98233,1.69886266898233E+018,40.485753,-80.332741,Path 4 – Northwest Corner,,160,
928.4,1698862669.1821,1.6988626691821E+018,40.485754,-80.332742,Path 4 – Northwest Corner,,161,
928.6,1698862669.38157,1.69886266938157E+018,40.485755,-80.332743,Path 4 – Northwest Corner,,162,
928.8,1698862669.58295,1.69886266958295E+018,40.485756,-80.332744,Path 4 – Northwest Corner,,163,
929,1698862669.78186,1.69886266978186E+018,40.485756,-80.332744,Path 4 – Northwest Corner,,164,
929.2,1698862669.98316,1.69886266998316E+018,40.485757,-80.332745,Path 4 – Northwest Corner,,165,
929.4,1698862670.18325,1.69886267018325E+018,40.485758,-80.332745,Path 4 – Northwest Corner,,166,
929.6,1698862670.38361,1.69886267038361E+018,40.485759,-80.332746,Path 4 – Northwest Corner,,167,
929.8,1698862670.58258,1.69886267058258E+018,40.485760,-80.332746,Path 4 – Northwest Corner,,168,
930,1698862670.78215,1.69886267078215E+018,40.485760,-80.332747,Path 4 – Northwest Corner,,169,
930.2,1698862670.9827,1.6988626709827E+018,40.485761,-80.332747,Path 4 – Northwest Corner,,170,
930.4,1698862671.1827,1.6988626711827E+018,40.485762,-80.332747,Path 4 – Northwest Corner,,171,
930.6,1698862671.38242,1.69886267138242E+018,40.485763,-80.332748,Path 4 – Northwest Corner,,172,
930.8,1698862671.58423,1.69886267158423E+018,40.485764,-80.332748,Path 4 – Northwest Corner,,173,
931,1698862671.78334,1.69886267178333E+018,40.485765,-80.332749,Path 4 – Northwest Corner,,174,
931.2,1698862671.98414,1.69886267198414E+018,40.485766,-80.332749,Path 4 – Northwest Corner,,175,
931.4,1698862672.1817,1.6988626721817E+018,40.485766,-80.332750,Path 4 – Northwest Corner,,176,
931.6,1698862672.38228,1.69886267238228E+018,40.485767,-80.332750,Path 4 – Northwest Corner,,177,
931.8,1698862672.58215,1.69886267258215E+018,40.485768,-80.332751,Path 4 – Northwest Corner,,178,
932,1698862672.78172,1.69886267278172E+018,40.485769,-80.332751,Path 4 – Northwest Corner,,179,
932.2,1698862672.98501,1.69886267298501E+018,40.485770,-80.332752,Path 4 – Northwest Corner,,180,
932.4,1698862673.1842,1.6988626731842E+018,40.485770,-80.332753,Path 4 – Northwest Corner,,181,
932.6,1698862673.3829,1.6988626733829E+018,40.485771,-80.332754,Path 4 – Northwest Corner,,182,
932.8,1698862673.58244,1.69886267358244E+018,40.485772,-80.332754,Path 4 – Northwest Corner,,183,
933,1698862673.78247,1.69886267378247E+018,40.485773,-80.332755,Path 4 – Northwest Corner,,184,
933.2,1698862673.98293,1.69886267398293E+018,40.485773,-80.332755,Path 4 – Northwest Corner,,185,
933.4,1698862674.18285,1.69886267418285E+018,40.485774,-80.332756,Path 4 – Northwest Corner,,186,
933.6,1698862674.38443,1.69886267438443E+018,40.485775,-80.332757,Path 4 – Northwest Corner,,187,
933.8,1698862674.58237,1.69886267458237E+018,40.485776,-80.332757,Path 4 – Northwest Corner,,188,
934,1698862674.78184,1.69886267478184E+018,40.485776,-80.332758,Path 4 – Northwest Corner,,189,
934.2,1698862674.98197,1.69886267498197E+018,40.485777,-80.332758,Path 4 – Northwest Corner,,190,
934.4,1698862675.18232,1.69886267518232E+018,40.485778,-80.332758,Path 4 – Northwest Corner,,191,
934.6,1698862675.38247,1.69886267538247E+018,40.485779,-80.332759,Path 4 – Northwest Corner,,192,
934.8,1698862675.58469,1.69886267558469E+018,40.485780,-80.332759,Path 4 – Northwest Corner,,193,
935,1698862675.78404,1.69886267578404E+018,40.485781,-80.332759,Path 4 – Northwest Corner,,194,
935.2,1698862675.98222,1.69886267598222E+018,40.485782,-80.332760,Path 4 – Northwest Corner,,195,
935.4,1698862676.1819,1.6988626761819E+018,40.485783,-80.332760,Path 4 – Northwest Corner,,196,
935.6,1698862676.38271,1.69886267638271E+018,40.485784,-80.332761,Path 4 – Northwest Corner,,197,
935.8,1698862676.58143,1.69886267658143E+018,40.485784,-80.332761,Path 4 – Northwest Corner,,198,
936,1698862676.78073,1.69886267678072E+018,40.485785,-80.332761,Path 4 – Northwest Corner,,199,
936.2,1698862676.98356,1.69886267698356E+018,40.485786,-80.332762,Path 4 – Northwest Corner,,200,
936.4,1698862677.18078,1.69886267718078E+018,40.485787,-80.332762,Path 4 – Northwest Corner,,201,
936.6,1698862677.38218,1.69886267738218E+018,40.485788,-80.332763,Path 4 – Northwest Corner,,202,
936.8,1698862677.58151,1.69886267758151E+018,40.485789,-80.332763,Path 4 – Northwest Corner,,203,
937,1698862677.78199,1.69886267778199E+018,40.485789,-80.332764,Path 4 – Northwest Corner,,204,
937.2,1698862677.98151,1.69886267798151E+018,40.485790,-80.332764,Path 4 – Northwest Corner,,205,
937.4,1698862678.18093,1.69886267818093E+018,40.485791,-80.332764,Path 4 – Northwest Corner,,206,
937.6,1698862678.38237,1.69886267838237E+018,40.485792,-80.332765,Path 4 – Northwest Corner,,207,
937.8,1698862678.58198,1.69886267858198E+018,40.485793,-80.332765,Path 4 – Northwest Corner,,208,
938,1698862678.78206,1.69886267878206E+018,40.485794,-80.332765,Path 4 – Northwest Corner,,209,
938.2,1698862678.9818,1.6988626789818E+018,40.485795,-80.332765,Path 4 – Northwest Corner,,210,
938.4,1698862679.18154,1.69886267918154E+018,40.485796,-80.332766,Path 4 – Northwest Corner,,211,
938.6,1698862679.3817,1.6988626793817E+018,40.485796,-80.332765,Path 4 – Northwest Corner,,212,
938.8,1698862679.58377,1.69886267958377E+018,40.485797,-80.332766,Path 4 – Northwest Corner,,213,
939,1698862679.78362,1.69886267978362E+018,40.485798,-80.332766,Path 4 – Northwest Corner,,214,
939.2,1698862679.9816,1.6988626799816E+018,40.485799,-80.332766,Path 4 – Northwest Corner,,215,
939.4,1698862680.18123,1.69886268018123E+018,40.485800,-80.332766,Path 4 – Northwest Corner,,216,
939.6,1698862680.38146,1.69886268038147E+018,40.485801,-80.332766,Path 4 – Northwest Corner,,217,
939.8,1698862680.58128,1.69886268058128E+018,40.485802,-80.332766,Path 4 – Northwest Corner,,218,
940,1698862680.78171,1.69886268078171E+018,40.485803,-80.332766,Path 4 – Northwest Corner,,219,
940.2,1698862680.98192,1.69886268098192E+018,40.485803,-80.332766,Path 4 – Northwest Corner,,220,
940.4,1698862681.18167,1.69886268118167E+018,40.485804,-80.332765,Path 4 – Northwest Corner,,221,
940.6,1698862681.38208,1.69886268138208E+018,40.485805,-80.332765,Path 4 – Northwest Corner,,222,
940.8,1698862681.58354,1.69886268158354E+018,40.485806,-80.332765,Path 4 – Northwest Corner,,223,
941,1698862681.78316,1.69886268178316E+018,40.485807,-80.332765,Path 4 – Northwest Corner,,224,
941.2,1698862681.98332,1.69886268198332E+018,40.485808,-80.332765,Path 4 – Northwest Corner,,225,
941.4,1698862682.18229,1.69886268218229E+018,40.485809,-80.332765,Path 4 – Northwest Corner,,226,
941.6,1698862682.38134,1.69886268238134E+018,40.485810,-80.332765,Path 4 – Northwest Corner,,227,
941.8,1698862682.58137,1.69886268258137E+018,40.485810,-80.332765,Path 4 – Northwest Corner,,228,
942,1698862682.78203,1.69886268278203E+018,40.485811,-80.332764,Path 4 – Northwest Corner,,229,
942.2,1698862682.98486,1.69886268298486E+018,40.485812,-80.332764,Path 4 – Northwest Corner,,230,
942.4,1698862683.18056,1.69886268318056E+018,40.485813,-80.332764,Path 4 – Northwest Corner,,231,
942.6,1698862683.38249,1.69886268338249E+018,40.485814,-80.332764,Path 4 – Northwest Corner,,232,
942.8,1698862683.58068,1.69886268358068E+018,40.485815,-80.332763,Path 4 – Northwest Corner,,233,
943,1698862683.78183,1.69886268378183E+018,40.485816,-80.332763,Path 4 – Northwest Corner,,234,
943.2,1698862683.9831,1.6988626839831E+018,40.485816,-80.332763,Path 4 – Northwest Corner,,235,
943.4,1698862684.1817,1.6988626841817E+018,40.485817,-80.332763,Path 4 – Northwest Corner,,236,
943.6,1698862684.38112,1.69886268438112E+018,40.485818,-80.332762,Path 4 – Northwest Corner,,237,
943.8,1698862684.58188,1.69886268458188E+018,40.485819,-80.332762,Path 4 – Northwest Corner,,238,
944,1698862684.78268,1.69886268478268E+018,40.485820,-80.332762,Path 4 – Northwest Corner,,239,
944.2,1698862684.9808,1.6988626849808E+018,40.485821,-80.332762,Path 4 – Northwest Corner,,240,
944.4,1698862685.18305,1.69886268518305E+018,40.485822,-80.332762,Path 4 – Northwest Corner,,241,
944.6,1698862685.38243,1.69886268538243E+018,40.485823,-80.332762,Path 4 – Northwest Corner,,242,
944.8,1698862685.58104,1.69886268558104E+018,40.485823,-80.332762,Path 4 – Northwest Corner,,243,
945,1698862685.78198,1.69886268578198E+018,40.485824,-80.332762,Path 4 – Northwest Corner,,244,
945.2,1698862685.98193,1.69886268598193E+018,40.485825,-80.332762,Path 4 – Northwest Corner,,245,
945.4,1698862686.18121,1.69886268618121E+018,40.485826,-80.332762,Path 4 – Northwest Corner,,246,
945.6,1698862686.38207,1.69886268638207E+018,40.485827,-80.332762,Path 4 – Northwest Corner,,247,
945.8,1698862686.5839,1.6988626865839E+018,40.485828,-80.332761,Path 4 – Northwest Corner,,248,
946,1698862686.78163,1.69886268678163E+018,40.485828,-80.332761,Path 4 – Northwest Corner,,249,
946.2,1698862686.98252,1.69886268698252E+018,40.485829,-80.332761,Path 4 – Northwest Corner,,250,
946.4,1698862687.18306,1.69886268718306E+018,40.485830,-80.332761,Path 4 – Northwest Corner,,251,
946.6,1698862687.38189,1.69886268738189E+018,40.485831,-80.332761,Path 4 – Northwest Corner,,252,
946.8,1698862687.58042,1.69886268758042E+018,40.485832,-80.332761,Path 4 – Northwest Corner,,253,
947,1698862687.78132,1.69886268778132E+018,40.485833,-80.332761,Path 4 – Northwest Corner,,254,
947.2,1698862687.98158,1.69886268798158E+018,40.485833,-80.332761,Path 4 – Northwest Corner,,255,
947.4,1698862688.18188,1.69886268818188E+018,40.485834,-80.332761,Path 4 – Northwest Corner,,256,
947.6,1698862688.38164,1.69886268838164E+018,40.485835,-80.332761,Path 4 – Northwest Corner,,257,
947.8,1698862688.58327,1.69886268858327E+018,40.485836,-80.332762,Path 4 – Northwest Corner,,258,
948,1698862688.78243,1.69886268878243E+018,40.485837,-80.332762,Path 4 – Northwest Corner,,259,
948.2,1698862688.98176,1.69886268898176E+018,40.485838,-80.332762,Path 4 – Northwest Corner,,260,
948.4,1698862689.18216,1.69886268918216E+018,40.485838,-80.332762,Path 4 – Northwest Corner,,261,
948.6,1698862689.38208,1.69886268938208E+018,40.485839,-80.332762,Path 4 – Northwest Corner,,262,
948.8,1698862689.58159,1.69886268958159E+018,40.485840,-80.332763,Path 4 – Northwest Corner,,263,
949,1698862689.7826,1.6988626897826E+018,40.485841,-80.332763,Path 4 – Northwest Corner,,264,
949.2,1698862689.98325,1.69886268998325E+018,40.485842,-80.332764,Path 4 – Northwest Corner,,265,
949.4,1698862690.1829,1.6988626901829E+018,40.485843,-80.332764,Path 4 – Northwest Corner,,266,
949.6,1698862690.38432,1.69886269038432E+018,40.485843,-80.332765,Path 4 – Northwest Corner,,267,
949.8,1698862690.58235,1.69886269058235E+018,40.485844,-80.332765,Path 4 – Northwest Corner,,268,
950,1698862690.78335,1.69886269078335E+018,40.485845,-80.332766,Path 4 – Northwest Corner,,269,
950.2,1698862690.98282,1.69886269098282E+018,40.485846,-80.332766,Path 4 – Northwest Corner,,270,
950.4,1698862691.18279,1.69886269118279E+018,40.485847,-80.332767,Path 4 – Northwest Corner,,271,
950.6,1698862691.38249,1.69886269138249E+018,40.485847,-80.332767,Path 4 – Northwest Corner,,272,
950.8,1698862691.58417,1.69886269158417E+018,40.485848,-80.332768,Path 4 – Northwest Corner,,273,
951,1698862691.78288,1.69886269178288E+018,40.485849,-80.332768,Path 4 – Northwest Corner,,274,
951.2,1698862691.98247,1.69886269198247E+018,40.485850,-80.332769,Path 4 – Northwest Corner,,275,
951.4,1698862692.18184,1.69886269218184E+018,40.485851,-80.332770,Path 4 – Northwest Corner,,276,
951.6,1698862692.3815,1.6988626923815E+018,40.485852,-80.332770,Path 4 – Northwest Corner,,277,
951.8,1698862692.58317,1.69886269258317E+018,40.485853,-80.332770,Path 4 – Northwest Corner,,278,
952,1698862692.78307,1.69886269278307E+018,40.485853,-80.332771,Path 4 – Northwest Corner,,279,
952.2,1698862692.98222,1.69886269298222E+018,40.485854,-80.332771,Path 4 – Northwest Corner,,280,
952.4,1698862693.18218,1.69886269318218E+018,40.485855,-80.332771,Path 4 – Northwest Corner,,281,
952.61,1698862693.38589,1.69886269338589E+018,40.485856,-80.332772,Path 4 – Northwest Corner,,282,
952.8,1698862693.58092,1.69886269358092E+018,40.485857,-80.332772,Path 4 – Northwest Corner,,283,
953,1698862693.784,1.698862693784E+018,40.485858,-80.332773,Path 4 – Northwest Corner,,284,
953.2,1698862693.98228,1.69886269398228E+018,40.485858,-80.332773,Path 4 – Northwest Corner,,285,
953.4,1698862694.18128,1.69886269418128E+018,40.485859,-80.332773,Path 4 – Northwest Corner,,286,
953.6,1698862694.38112,1.69886269438112E+018,40.485860,-80.332774,Path 4 – Northwest Corner,,287,
953.8,1698862694.58192,1.69886269458192E+018,40.485861,-80.332774,Path 4 – Northwest Corner,,288,
954,1698862694.78183,1.69886269478183E+018,40.485862,-80.332775,Path 4 – Northwest Corner,,289,
954.2,1698862694.98238,1.69886269498237E+018,40.485862,-80.332775,Path 4 – Northwest Corner,,290,
954.4,1698862695.18428,1.69886269518428E+018,40.485863,-80.332775,Path 4 – Northwest Corner,,291,
954.6,1698862695.38139,1.6988626953814E+018,40.485864,-80.332776,Path 4 – Northwest Corner,,292,
954.8,1698862695.58324,1.69886269558324E+018,40.485865,-80.332776,Path 4 – Northwest Corner,,293,
955,1698862695.78239,1.69886269578239E+018,40.485866,-80.332777,Path 4 – Northwest Corner,,294,
955.2,1698862695.98186,1.69886269598186E+018,40.485866,-80.332777,Path 4 – Northwest Corner,,295,
955.4,1698862696.181,1.698862696181E+018,40.485867,-80.332778,Path 4 – Northwest Corner,,296,
955.6,1698862696.38089,1.69886269638089E+018,40.485868,-80.332778,Path 4 – Northwest Corner,,297,
955.8,1698862696.58354,1.69886269658354E+018,40.485869,-80.332779,Path 4 – Northwest Corner,,298,
956,1698862696.78201,1.69886269678201E+018,40.485870,-80.332779,Path 4 – Northwest Corner,,299,
956.2,1698862696.98252,1.69886269698252E+018,40.485870,-80.332780,Path 4 – Northwest Corner,,300,
956.4,1698862697.18245,1.69886269718245E+018,40.485871,-80.332780,Path 4 – Northwest Corner,,301,
956.6,1698862697.38128,1.69886269738128E+018,40.485872,-80.332781,Path 4 – Northwest Corner,,302,
956.8,1698862697.58363,1.69886269758363E+018,40.485873,-80.332781,Path 4 – Northwest Corner,,303,
957,1698862697.78063,1.69886269778063E+018,40.485874,-80.332782,Path 4 – Northwest Corner,,304,
957.2,1698862697.98152,1.69886269798152E+018,40.485874,-80.332782,Path 4 – Northwest Corner,,305,
957.4,1698862698.18121,1.69886269818121E+018,40.485875,-80.332783,Path 4 – Northwest Corner,,306,
957.6,1698862698.38198,1.69886269838198E+018,40.485876,-80.332783,Path 4 – Northwest Corner,,307,
957.8,1698862698.58413,1.69886269858413E+018,40.485877,-80.332784,Path 4 – Northwest Corner,,308,
958,1698862698.78278,1.69886269878278E+018,40.485877,-80.332785,Path 4 – Northwest Corner,,309,
958.2,1698862698.98187,1.69886269898187E+018,40.485878,-80.332785,Path 4 – Northwest Corner,,310,
958.4,1698862699.18183,1.69886269918183E+018,40.485879,-80.332786,Path 4 – Northwest Corner,,311,
958.6,1698862699.38161,1.69886269938161E+018,40.485880,-80.332786,Path 4 – Northwest Corner,,312,
958.8,1698862699.58191,1.69886269958191E+018,40.485880,-80.332787,Path 4 – Northwest Corner,,313,
959,1698862699.78124,1.69886269978124E+018,40.485881,-80.332788,Path 4 – Northwest Corner,,314,
959.2,1698862699.98258,1.69886269998258E+018,40.485882,-80.332788,Path 4 – Northwest Corner,,315,
959.4,1698862700.18148,1.69886270018148E+018,40.485883,-80.332789,Path 4 – Northwest Corner,,316,
959.6,1698862700.38338,1.69886270038338E+018,40.485884,-80.332790,Path 4 – Northwest Corner,,317,
959.8,1698862700.58264,1.69886270058264E+018,40.485884,-80.332790,Path 4 – Northwest Corner,,318,
960,1698862700.7835,1.6988627007835E+018,40.485885,-80.332791,Path 4 – Northwest Corner,,319,
960.2,1698862700.98377,1.69886270098377E+018,40.485886,-80.332791,Path 4 – Northwest Corner,,320,
960.4,1698862701.18188,1.69886270118188E+018,40.485886,-80.332792,Path 4 – Northwest Corner,,321,
960.6,1698862701.3812,1.6988627013812E+018,40.485887,-80.332793,Path 4 – Northwest Corner,,322,
960.81,1698862701.58634,1.69886270158634E+018,40.485888,-80.332793,Path 4 – Northwest Corner,,323,
961,1698862701.78143,1.69886270178143E+018,40.485889,-80.332794,Path 4 – Northwest Corner,,324,
961.2,1698862701.98237,1.69886270198237E+018,40.485890,-80.332795,Path 4 – Northwest Corner,,325,
961.4,1698862702.18151,1.69886270218151E+018,40.485890,-80.332795,Path 4 – Northwest Corner,,326,
961.6,1698862702.38164,1.69886270238163E+018,40.485891,-80.332796,Path 4 – Northwest Corner,,327,
961.8,1698862702.58184,1.69886270258184E+018,40.485892,-80.332796,Path 4 – Northwest Corner,,328,
962,1698862702.78084,1.69886270278084E+018,40.485892,-80.332797,Path 4 – Northwest Corner,,329,
962.2,1698862702.98161,1.69886270298161E+018,40.485893,-80.332797,Path 4 – Northwest Corner,,330,
962.4,1698862703.18064,1.69886270318064E+018,40.485894,-80.332798,Path 4 – Northwest Corner,,331,
962.6,1698862703.38334,1.69886270338334E+018,40.485895,-80.332798,Path 4 – Northwest Corner,,332,
962.8,1698862703.58341,1.69886270358341E+018,40.485896,-80.332799,Path 4 – Northwest Corner,,333,
963,1698862703.78344,1.69886270378344E+018,40.485897,-80.332799,Path 4 – Northwest Corner,,334,
963.2,1698862703.98267,1.69886270398267E+018,40.485897,-80.332799,Path 4 – Northwest Corner,,335,
963.4,1698862704.1821,1.6988627041821E+018,40.485898,-80.332799,Path 4 – Northwest Corner,,336,
963.6,1698862704.38371,1.69886270438371E+018,40.485899,-80.332800,Path 4 – Northwest Corner,,337,
963.8,1698862704.58124,1.69886270458124E+018,40.485900,-80.332800,Path 4 – Northwest Corner,,338,
964,1698862704.78077,1.69886270478077E+018,40.485901,-80.332801,Path 4 – Northwest Corner,,339,
964.2,1698862704.98184,1.69886270498184E+018,40.485902,-80.332801,Path 4 – Northwest Corner,,340,
964.4,1698862705.18167,1.69886270518167E+018,40.485903,-80.332801,Path 4 – Northwest Corner,,341,
964.6,1698862705.38278,1.69886270538278E+018,40.485903,-80.332801,Path 4 – Northwest Corner,,342,
964.8,1698862705.58154,1.69886270558154E+018,40.485912,-80.332820,Path 4 – Northwest Corner,,343,
965,1698862705.78451,1.69886270578451E+018,40.485905,-80.332802,Path 4 – Northwest Corner,,344,
965.2,1698862705.98187,1.69886270598187E+018,40.485905,-80.332802,Path 4 – Northwest Corner,,345,
965.4,1698862706.18437,1.69886270618437E+018,40.485906,-80.332802,Path 4 – Northwest Corner,,346,
965.6,1698862706.38437,1.69886270638437E+018,40.485908,-80.332802,Path 4 – Northwest Corner,,347,
965.8,1698862706.58438,1.69886270658438E+018,40.485908,-80.332802,Path 4 – Northwest Corner,,348,
966,1698862706.78549,1.69886270678549E+018,40.485909,-80.332803,Path 4 – Northwest Corner,,349,
966.2,1698862706.984,1.698862706984E+018,40.485910,-80.332803,Path 4 – Northwest Corner,,350,
966.41,1698862707.18651,1.69886270718651E+018,40.485911,-80.332803,Path 4 – Northwest Corner,,351,
966.6,1698862707.38307,1.69886270738307E+018,40.485911,-80.332804,Path 4 – Northwest Corner,,352,
966.8,1698862707.58221,1.69886270758221E+018,40.485912,-80.332805,Path 4 – Northwest Corner,,353,
967,1698862707.78207,1.69886270778207E+018,40.485913,-80.332806,Path 4 – Northwest Corner,,354,
967.2,1698862707.9832,1.6988627079832E+018,40.485913,-80.332806,Path 4 – Northwest Corner,,355,
967.4,1698862708.18263,1.69886270818263E+018,40.485913,-80.332808,Path 4 – Northwest Corner,,356,
967.6,1698862708.38178,1.69886270838178E+018,40.485914,-80.332808,Path 4 – Northwest Corner,,357,
967.8,1698862708.58374,1.69886270858374E+018,40.485914,-80.332810,Path 4 – Northwest Corner,,358,
968,1698862708.78109,1.69886270878109E+018,40.485915,-80.332811,Path 4 – Northwest Corner,,359,
968.2,1698862708.9816,1.6988627089816E+018,40.485915,-80.332812,Path 4 – Northwest Corner,,360,
968.4,1698862709.18063,1.69886270918063E+018,40.485915,-80.332813,Path 4 – Northwest Corner,,361,
968.6,1698862709.38222,1.69886270938222E+018,40.485915,-80.332815,Path 4 – Northwest Corner,,362,
968.8,1698862709.5813,1.6988627095813E+018,40.485916,-80.332816,Path 4 – Northwest Corner,,363,
969,1698862709.78199,1.69886270978199E+018,40.485916,-80.332817,Path 4 – Northwest Corner,,364,
969.2,1698862709.98218,1.69886270998218E+018,40.485916,-80.332818,Path 4 – Northwest Corner,,365,
969.4,1698862710.18245,1.69886271018245E+018,40.485916,-80.332820,Path 4 – Northwest Corner,,366,
969.6,1698862710.38257,1.69886271038257E+018,40.485916,-80.332821,Path 4 – Northwest Corner,,367,
969.8,1698862710.58141,1.69886271058141E+018,40.485916,-80.332823,Path 4 – Northwest Corner,,368,
970,1698862710.78324,1.69886271078324E+018,40.485916,-80.332824,Path 4 – Northwest Corner,,369,
970.2,1698862710.98354,1.69886271098354E+018,40.485916,-80.332826,Path 4 – Northwest Corner,,370,
970.4,1698862711.18224,1.69886271118224E+018,40.485916,-80.332827,Path 4 – Northwest Corner,,371,
970.6,1698862711.38139,1.69886271138139E+018,40.485916,-80.332829,Path 4 – Northwest Corner,,372,
970.8,1698862711.58182,1.69886271158182E+018,40.485916,-80.332830,Path 4 – Northwest Corner,,373,
971,1698862711.78254,1.69886271178254E+018,40.485916,-80.332832,Path 4 – Northwest Corner,,374,
971.2,1698862711.98395,1.69886271198395E+018,40.485915,-80.332833,Path 4 – Northwest Corner,,375,
971.4,1698862712.18112,1.69886271218112E+018,40.485915,-80.332835,Path 4 – Northwest Corner,,376,
971.6,1698862712.38184,1.69886271238184E+018,40.485914,-80.332836,Path 4 – Northwest Corner,,377,
971.8,1698862712.58187,1.69886271258187E+018,40.485914,-80.332838,Path 4 – Northwest Corner,,378,
972,1698862712.78075,1.69886271278075E+018,40.485913,-80.332840,Path 4 – Northwest Corner,,379,
972.2,1698862712.98337,1.69886271298337E+018,40.485913,-80.332841,Path 4 – Northwest Corner,,380,
972.4,1698862713.18159,1.69886271318159E+018,40.485912,-80.332843,Path 4 – Northwest Corner,,381,
972.6,1698862713.38172,1.69886271338172E+018,40.485912,-80.332844,Path 4 – Northwest Corner,,382,
972.8,1698862713.58201,1.69886271358201E+018,40.485912,-80.332846,Path 4 – Northwest Corner,,383,
973,1698862713.78281,1.69886271378281E+018,40.485911,-80.332847,Path 4 – Northwest Corner,,384,
973.2,1698862713.98306,1.69886271398306E+018,40.485910,-80.332849,Path 4 – Northwest Corner,,385,
973.4,1698862714.18112,1.69886271418112E+018,40.485910,-80.332850,Path 4 – Northwest Corner,,386,
973.6,1698862714.3818,1.6988627143818E+018,40.485910,-80.332852,Path 4 – Northwest Corner,,387,
973.8,1698862714.58144,1.69886271458144E+018,40.485909,-80.332853,Path 4 – Northwest Corner,,388,
974,1698862714.78109,1.69886271478109E+018,40.485909,-80.332855,Path 4 – Northwest Corner,,389,
974.2,1698862714.98467,1.69886271498467E+018,40.485909,-80.332856,Path 4 – Northwest Corner,,390,
974.4,1698862715.18203,1.69886271518203E+018,40.485908,-80.332858,Path 4 – Northwest Corner,,391,
974.6,1698862715.3829,1.6988627153829E+018,40.485908,-80.332859,Path 4 – Northwest Corner,,392,
974.8,1698862715.58259,1.69886271558259E+018,40.485908,-80.332861,Path 4 – Northwest Corner,,393,
975,1698862715.78158,1.69886271578158E+018,40.485907,-80.332862,Path 4 – Northwest Corner,,394,
975.2,1698862715.983,1.698862715983E+018,40.485907,-80.332863,Path 4 – Northwest Corner,,395,
975.4,1698862716.18101,1.69886271618101E+018,40.485907,-80.332865,Path 4 – Northwest Corner,,396,
975.6,1698862716.38231,1.69886271638231E+018,40.485906,-80.332866,Path 4 – Northwest Corner,,397,
975.8,1698862716.58299,1.69886271658299E+018,40.485906,-80.332868,Path 4 – Northwest Corner,,398,
976,1698862716.7823,1.6988627167823E+018,40.485906,-80.332869,Path 4 – Northwest Corner,,399,
976.2,1698862716.98242,1.69886271698242E+018,40.485905,-80.332871,Path 4 – Northwest Corner,,400,
976.4,1698862717.18102,1.69886271718102E+018,40.485905,-80.332872,Path 4 – Northwest Corner,,401,
976.6,1698862717.3825,1.6988627173825E+018,40.485904,-80.332874,Path 4 – Northwest Corner,,402,
976.8,1698862717.58158,1.69886271758158E+018,40.485904,-80.332875,Path 4 – Northwest Corner,,403,
977,1698862717.78092,1.69886271778092E+018,40.485903,-80.332877,Path 4 – Northwest Corner,,404,
977.2,1698862717.98197,1.69886271798197E+018,40.485903,-80.332878,Path 4 – Northwest Corner,,405,
977.4,1698862718.18197,1.69886271818197E+018,40.485902,-80.332879,Path 4 – Northwest Corner,,406,
977.6,1698862718.3822,1.6988627183822E+018,40.485902,-80.332881,Path 4 – Northwest Corner,,407,
977.8,1698862718.58341,1.69886271858341E+018,40.485901,-80.332882,Path 4 – Northwest Corner,,408,
978,1698862718.78208,1.69886271878208E+018,40.485901,-80.332884,Path 4 – Northwest Corner,,409,
978.2,1698862718.98234,1.69886271898234E+018,40.485900,-80.332885,Path 4 – Northwest Corner,,410,
978.4,1698862719.18167,1.69886271918167E+018,40.485900,-80.332887,Path 4 – Northwest Corner,,411,
978.6,1698862719.38242,1.69886271938241E+018,40.485900,-80.332888,Path 4 – Northwest Corner,,412,
978.8,1698862719.58168,1.69886271958168E+018,40.485899,-80.332890,Path 4 – Northwest Corner,,413,
979,1698862719.78179,1.69886271978179E+018,40.485899,-80.332891,Path 4 – Northwest Corner,,414,
979.2,1698862719.98154,1.69886271998155E+018,40.485899,-80.332893,Path 4 – Northwest Corner,,415,
979.4,1698862720.18296,1.69886272018296E+018,40.485899,-80.332894,Path 4 – Northwest Corner,,416,
979.6,1698862720.38179,1.69886272038179E+018,40.485899,-80.332896,Path 4 – Northwest Corner,,417,
979.8,1698862720.58167,1.69886272058167E+018,40.485899,-80.332898,Path 4 – Northwest Corner,,418,
980,1698862720.78084,1.69886272078084E+018,40.485898,-80.332899,Path 4 – Northwest Corner,,419,
980.2,1698862720.98263,1.69886272098263E+018,40.485898,-80.332901,Path 4 – Northwest Corner,,420,
980.4,1698862721.18385,1.69886272118385E+018,40.485898,-80.332902,Path 4 – Northwest Corner,,421,
980.6,1698862721.38156,1.69886272138156E+018,40.485898,-80.332904,Path 4 – Northwest Corner,,422,
980.8,1698862721.58197,1.69886272158197E+018,40.485898,-80.332905,Path 4 – Northwest Corner,,423,
981,1698862721.78107,1.69886272178107E+018,40.485897,-80.332907,Path 4 – Northwest Corner,,424,
981.2,1698862721.98191,1.69886272198191E+018,40.485897,-80.332908,Path 4 – Northwest Corner,,425,
981.4,1698862722.18115,1.69886272218115E+018,40.485897,-80.332910,Path 4 – Northwest Corner,,426,
981.6,1698862722.38136,1.69886272238136E+018,40.485896,-80.332911,Path 4 – Northwest Corner,,427,
981.8,1698862722.5834,1.6988627225834E+018,40.485896,-80.332913,Path 4 – Northwest Corner,,428,
982,1698862722.78206,1.69886272278206E+018,40.485896,-80.332915,Path 4 – Northwest Corner,,429,
982.2,1698862722.98334,1.69886272298334E+018,40.485895,-80.332916,Path 4 – Northwest Corner,,430,
982.4,1698862723.18201,1.69886272318201E+018,40.485895,-80.332918,Path 4 – Northwest Corner,,431,
982.6,1698862723.3815,1.6988627233815E+018,40.485894,-80.332919,Path 4 – Northwest Corner,,432,
982.8,1698862723.58147,1.69886272358147E+018,40.485893,-80.332921,Path 4 – Northwest Corner,,433,
983,1698862723.78142,1.69886272378142E+018,40.485893,-80.332922,Path 4 – Northwest Corner,,434,
983.2,1698862723.98185,1.69886272398185E+018,40.485893,-80.332924,Path 4 – Northwest Corner,,435,
983.4,1698862724.18093,1.69886272418093E+018,40.485892,-80.332925,Path 4 – Northwest Corner,,436,
983.6,1698862724.38063,1.69886272438063E+018,40.485891,-80.332927,Path 4 – Northwest Corner,,437,
983.8,1698862724.58128,1.69886272458128E+018,40.485891,-80.332929,Path 4 – Northwest Corner,,438,
984,1698862724.78451,1.69886272478451E+018,40.485890,-80.332930,Path 4 – Northwest Corner,,439,
984.2,1698862724.98136,1.69886272498136E+018,40.485890,-80.332932,Path 4 – Northwest Corner,,440,
984.4,1698862725.18188,1.69886272518188E+018,40.485889,-80.332933,Path 4 – Northwest Corner,,441,
984.6,1698862725.38195,1.69886272538195E+018,40.485889,-80.332935,Path 4 – Northwest Corner,,442,
984.8,1698862725.58239,1.69886272558239E+018,40.485888,-80.332936,Path 4 – Northwest Corner,,443,
985,1698862725.78191,1.69886272578191E+018,40.485888,-80.332937,Path 4 – Northwest Corner,,444,
985.2,1698862725.98099,1.69886272598099E+018,40.485887,-80.332939,Path 4 – Northwest Corner,,445,
985.4,1698862726.18114,1.69886272618114E+018,40.485887,-80.332940,Path 4 – Northwest Corner,,446,
985.6,1698862726.38312,1.69886272638312E+018,40.485886,-80.332942,Path 4 – Northwest Corner,,447,
985.8,1698862726.58124,1.69886272658124E+018,40.485885,-80.332943,Path 4 – Northwest Corner,,448,
986,1698862726.78106,1.69886272678106E+018,40.485885,-80.332944,Path 4 – Northwest Corner,,449,
986.2,1698862726.98168,1.69886272698168E+018,40.485884,-80.332945,Path 4 – Northwest Corner,,450,
986.4,1698862727.18069,1.69886272718069E+018,40.485883,-80.332947,Path 4 – Northwest Corner,,451,
986.6,1698862727.38143,1.69886272738143E+018,40.485882,-80.332948,Path 4 – Northwest Corner,,452,
986.8,1698862727.58083,1.69886272758083E+018,40.485881,-80.332949,Path 4 – Northwest Corner,,453,
987,1698862727.78097,1.69886272778097E+018,40.485880,-80.332950,Path 4 – Northwest Corner,,454,
987.2,1698862727.98236,1.69886272798236E+018,40.485879,-80.332951,Path 4 – Northwest Corner,,455,
987.4,1698862728.18193,1.69886272818193E+018,40.485878,-80.332952,Path 4 – Northwest Corner,,456,
987.6,1698862728.38021,1.69886272838021E+018,40.485877,-80.332953,Path 4 – Northwest Corner,,457,
987.8,1698862728.58186,1.69886272858186E+018,40.485876,-80.332953,Path 4 – Northwest Corner,,458,
988,1698862728.78159,1.69886272878159E+018,40.485874,-80.332954,Path 4 – Northwest Corner,,459,
988.2,1698862728.98211,1.69886272898211E+018,40.485873,-80.332954,Path 4 – Northwest Corner,,460,
988.4,1698862729.18248,1.69886272918248E+018,40.485872,-80.332954,Path 4 – Northwest Corner,,461,
988.6,1698862729.38215,1.69886272938215E+018,40.485870,-80.332954,Path 4 – Northwest Corner,,462,
988.8,1698862729.5833,1.6988627295833E+018,40.485869,-80.332954,Path 4 – Northwest Corner,,463,
989,1698862729.78139,1.69886272978139E+018,40.485868,-80.332954,Path 4 – Northwest Corner,,464,
989.2,1698862729.98216,1.69886272998216E+018,40.485866,-80.332954,Path 4 – Northwest Corner,,465,
989.4,1698862730.18156,1.69886273018156E+018,40.485865,-80.332954,Path 4 – Northwest Corner,,466,
989.6,1698862730.38066,1.69886273038066E+018,40.485864,-80.332953,Path 4 – Northwest Corner,,467,
989.8,1698862730.58269,1.69886273058269E+018,40.485863,-80.332953,Path 4 – Northwest Corner,,468,
990,1698862730.78161,1.69886273078161E+018,40.485861,-80.332952,Path 4 – Northwest Corner,,469,
990.2,1698862730.98252,1.69886273098252E+018,40.485860,-80.332951,Path 4 – Northwest Corner,,470,
990.4,1698862731.18199,1.69886273118199E+018,40.485859,-80.332950,Path 4 – Northwest Corner,,471,
990.6,1698862731.38276,1.69886273138275E+018,40.485858,-80.332949,Path 4 – Northwest Corner,,472,
990.8,1698862731.58147,1.69886273158147E+018,40.485857,-80.332948,Path 4 – Northwest Corner,,473,
991,1698862731.78253,1.69886273178253E+018,40.485856,-80.332947,Path 4 – Northwest Corner,,474,
991.2,1698862731.98148,1.69886273198148E+018,40.485856,-80.332946,Path 4 – Northwest Corner,,475,
991.4,1698862732.1811,1.6988627321811E+018,40.485855,-80.332945,Path 4 – Northwest Corner,,476,
991.6,1698862732.38084,1.69886273238084E+018,40.485854,-80.332944,Path 4 – Northwest Corner,,477,
991.8,1698862732.58286,1.69886273258286E+018,40.485854,-80.332942,Path 4 – Northwest Corner,,478,
992,1698862732.78201,1.69886273278201E+018,40.485853,-80.332941,Path 4 – Northwest Corner,,479,
992.2,1698862732.98314,1.69886273298314E+018,40.485852,-80.332940,Path 4 – Northwest Corner,,480,
992.4,1698862733.18311,1.69886273318311E+018,40.485852,-80.332939,Path 4 – Northwest Corner,,481,
992.6,1698862733.38128,1.69886273338128E+018,40.485852,-80.332937,Path 4 – Northwest Corner,,482,
992.8,1698862733.58091,1.69886273358091E+018,40.485851,-80.332936,Path 4 – Northwest Corner,,483,
993,1698862733.78188,1.69886273378189E+018,40.485851,-80.332935,Path 4 – Northwest Corner,,484,
993.2,1698862733.98014,1.69886273398014E+018,40.485851,-80.332933,Path 4 – Northwest Corner,,485,
993.4,1698862734.18037,1.69886273418037E+018,40.485850,-80.332932,Path 4 – Northwest Corner,,486,
993.6,1698862734.38051,1.69886273438051E+018,40.485850,-80.332931,Path 4 – Northwest Corner,,487,
993.8,1698862734.57996,1.69886273457996E+018,40.485850,-80.332929,Path 4 – Northwest Corner,,488,
994,1698862734.78021,1.6988627347802E+018,40.485850,-80.332928,Path 4 – Northwest Corner,,489,
994.2,1698862734.98304,1.69886273498304E+018,40.485850,-80.332927,Path 4 – Northwest Corner,,490,
994.4,1698862735.18031,1.69886273518031E+018,40.485850,-80.332925,Path 4 – Northwest Corner,,491,
994.6,1698862735.38206,1.69886273538206E+018,40.485850,-80.332924,Path 4 – Northwest Corner,,492,
994.8,1698862735.5826,1.6988627355826E+018,40.485850,-80.332923,Path 4 – Northwest Corner,,493,
995,1698862735.78052,1.69886273578052E+018,40.485850,-80.332921,Path 4 – Northwest Corner,,494,
995.2,1698862735.98182,1.69886273598182E+018,40.485849,-80.332920,Path 4 – Northwest Corner,,495,
995.4,1698862736.1807,1.6988627361807E+018,40.485849,-80.332919,Path 4 – Northwest Corner,,496,
995.6,1698862736.38052,1.69886273638052E+018,40.485848,-80.332917,Path 4 – Northwest Corner,,497,
995.8,1698862736.58094,1.69886273658094E+018,40.485848,-80.332916,Path 4 – Northwest Corner,,498,
996,1698862736.78089,1.69886273678089E+018,40.485847,-80.332915,Path 4 – Northwest Corner,,499,
996.2,1698862736.98086,1.69886273698086E+018,40.485846,-80.332913,Path 4 – Northwest Corner,,500,
996.4,1698862737.18127,1.69886273718127E+018,40.485846,-80.332912,Path 4 – Northwest Corner,,501,
996.6,1698862737.37984,1.69886273737984E+018,40.485845,-80.332911,Path 4 – Northwest Corner,,502,
996.8,1698862737.58162,1.69886273758162E+018,40.485845,-80.332910,Path 4 – Northwest Corner,,503,
997,1698862737.78073,1.69886273778073E+018,40.485845,-80.332909,Path 4 – Northwest Corner,,504,
997.2,1698862737.98121,1.69886273798121E+018,40.485845,-80.332907,Path 4 – Northwest Corner,,505,
997.4,1698862738.18174,1.69886273818174E+018,40.485845,-80.332906,Path 4 – Northwest Corner,,506,
997.6,1698862738.38055,1.69886273838055E+018,40.485844,-80.332905,Path 4 – Northwest Corner,,507,
997.8,1698862738.58121,1.69886273858121E+018,40.485844,-80.332904,Path 4 – Northwest Corner,,508,
998,1698862738.7809,1.6988627387809E+018,40.485844,-80.332902,Path 4 – Northwest Corner,,509,
998.2,1698862738.98088,1.69886273898088E+018,40.485844,-80.332901,Path 4 – Northwest Corner,,510,
998.4,1698862739.18095,1.69886273918095E+018,40.485844,-80.332900,Path 4 – Northwest Corner,,511,
998.6,1698862739.38083,1.69886273938083E+018,40.485844,-80.332898,Path 4 – Northwest Corner,,512,
998.8,1698862739.58099,1.69886273958099E+018,40.485843,-80.332897,Path 4 – Northwest Corner,,513,
999,1698862739.78043,1.69886273978043E+018,40.485843,-80.332896,Path 4 – Northwest Corner,,514,
999.2,1698862739.98142,1.69886273998142E+018,40.485843,-80.332894,Path 4 – Northwest Corner,,515,
999.4,1698862740.18121,1.69886274018121E+018,40.485843,-80.332893,Path 4 – Northwest Corner,,516,
999.6,1698862740.38162,1.69886274038162E+018,40.485842,-80.332891,Path 4 – Northwest Corner,,517,
999.8,1698862740.58306,1.69886274058306E+018,40.485842,-80.332890,Path 4 – Northwest Corner,,518,
1000,1698862740.78098,1.69886274078098E+018,40.485842,-80.332889,Path 4 – Northwest Corner,,519,
1000.2,1698862740.97988,1.69886274097988E+018,40.485842,-80.332888,Path 4 – Northwest Corner,,520,
1000.4,1698862741.1807,1.6988627411807E+018,40.485841,-80.332886,Path 4 – Northwest Corner,,521,
1000.6,1698862741.38085,1.69886274138085E+018,40.485841,-80.332885,Path 4 – Northwest Corner,,522,
1000.8,1698862741.58126,1.69886274158126E+018,40.485841,-80.332884,Path 4 – Northwest Corner,,523,
1001,1698862741.78068,1.69886274178068E+018,40.485840,-80.332882,Path 4 – Northwest Corner,,524,
1001.2,1698862741.98209,1.69886274198209E+018,40.485840,-80.332881,Path 4 – Northwest Corner,,525,
1001.4,1698862742.1822,1.6988627421822E+018,40.485840,-80.332880,Path 4 – Northwest Corner,,526,
1001.6,1698862742.38156,1.69886274238156E+018,40.485840,-80.332879,Path 4 – Northwest Corner,,527,
1001.8,1698862742.58001,1.69886274258001E+018,40.485840,-80.332877,Path 4 – Northwest Corner,,528,
1002,1698862742.78174,1.69886274278174E+018,40.485839,-80.332876,Path 4 – Northwest Corner,,529,
1002.2,1698862742.98072,1.69886274298072E+018,40.485839,-80.332874,Path 4 – Northwest Corner,,530,
1002.4,1698862743.18152,1.69886274318152E+018,40.485838,-80.332873,Path 4 – Northwest Corner,,531,
1002.6,1698862743.38107,1.69886274338107E+018,40.485838,-80.332871,Path 4 – Northwest Corner,,532,
1002.8,1698862743.58144,1.69886274358144E+018,40.485838,-80.332870,Path 4 – Northwest Corner,,533,
1003,1698862743.78178,1.69886274378178E+018,40.485837,-80.332868,Path 4 – Northwest Corner,,534,
1003.2,1698862743.98181,1.69886274398181E+018,40.485837,-80.332867,Path 4 – Northwest Corner,,535,
1003.4,1698862744.18223,1.69886274418223E+018,40.485836,-80.332865,Path 4 – Northwest Corner,,536,
1003.6,1698862744.38202,1.69886274438202E+018,40.485836,-80.332864,Path 4 – Northwest Corner,,537,
1003.8,1698862744.5817,1.6988627445817E+018,40.485836,-80.332863,Path 4 – Northwest Corner,,538,
1004,1698862744.78139,1.69886274478139E+018,40.485835,-80.332861,Path 4 – Northwest Corner,,539,
1004.2,1698862744.98255,1.69886274498255E+018,40.485834,-80.332860,Path 4 – Northwest Corner,,540,
1004.41,1698862745.186,1.698862745186E+018,40.485833,-80.332859,Path 4 – Northwest Corner,,541,
1004.6,1698862745.38116,1.69886274538116E+018,40.485833,-80.332857,Path 4 – Northwest Corner,,542,
1004.8,1698862745.58064,1.69886274558064E+018,40.485832,-80.332856,Path 4 – Northwest Corner,,543,
1005,1698862745.78155,1.69886274578155E+018,40.485832,-80.332855,Path 4 – Northwest Corner,,544,
1005.2,1698862745.98182,1.69886274598182E+018,40.485831,-80.332853,Path 4 – Northwest Corner,,545,
1005.4,1698862746.18271,1.69886274618271E+018,40.485831,-80.332852,Path 4 – Northwest Corner,,546,
1005.6,1698862746.3815,1.6988627463815E+018,40.485830,-80.332850,Path 4 – Northwest Corner,,547,
1005.8,1698862746.58113,1.69886274658113E+018,40.485830,-80.332849,Path 4 – Northwest Corner,,548,
1006.01,1698862746.78613,1.69886274678613E+018,40.485829,-80.332847,Path 4 – Northwest Corner,,549,
1006.2,1698862746.98118,1.69886274698118E+018,40.485829,-80.332846,Path 4 – Northwest Corner,,550,
1006.4,1698862747.1811,1.6988627471811E+018,40.485828,-80.332844,Path 4 – Northwest Corner,,551,
1006.6,1698862747.38298,1.69886274738298E+018,40.485828,-80.332843,Path 4 – Northwest Corner,,552,
1006.8,1698862747.58133,1.69886274758133E+018,40.485827,-80.332841,Path 4 – Northwest Corner,,553,
1007,1698862747.7819,1.6988627477819E+018,40.485826,-80.332840,Path 4 – Northwest Corner,,554,
1007.2,1698862747.98191,1.69886274798191E+018,40.485825,-80.332839,Path 4 – Northwest Corner,,555,
1007.4,1698862748.18066,1.69886274818066E+018,40.485824,-80.332837,Path 4 – Northwest Corner,,556,
1007.6,1698862748.38092,1.69886274838092E+018,40.485823,-80.332836,Path 4 – Northwest Corner,,557,
1007.8,1698862748.58087,1.69886274858087E+018,40.485823,-80.332835,Path 4 – Northwest Corner,,558,
1008,1698862748.78364,1.69886274878364E+018,40.485822,-80.332834,Path 4 – Northwest Corner,,559,
1008.2,1698862748.98145,1.69886274898145E+018,40.485821,-80.332833,Path 4 – Northwest Corner,,560,
1008.4,1698862749.18206,1.69886274918206E+018,40.485819,-80.332832,Path 4 – Northwest Corner,,561,
1008.6,1698862749.38167,1.69886274938167E+018,40.485818,-80.332831,Path 4 – Northwest Corner,,562,
1008.8,1698862749.58164,1.69886274958164E+018,40.485817,-80.332830,Path 4 – Northwest Corner,,563,
1009,1698862749.782,1.698862749782E+018,40.485816,-80.332829,Path 4 – Northwest Corner,,564,
1009.2,1698862749.98221,1.69886274998221E+018,40.485815,-80.332828,Path 4 – Northwest Corner,,565,
1009.4,1698862750.18412,1.69886275018412E+018,40.485814,-80.332827,Path 4 – Northwest Corner,,566,
1009.6,1698862750.38146,1.69886275038146E+018,40.485812,-80.332826,Path 4 – Northwest Corner,,567,
1009.8,1698862750.58232,1.69886275058232E+018,40.485811,-80.332825,Path 4 – Northwest Corner,,568,
1010,1698862750.78138,1.69886275078138E+018,40.485810,-80.332824,Path 4 – Northwest Corner,,569,
1010.2,1698862750.98391,1.69886275098391E+018,40.485808,-80.332823,Path 4 – Northwest Corner,,570,
1010.4,1698862751.18266,1.69886275118266E+018,40.485807,-80.332823,Path 4 – Northwest Corner,,571,
1010.6,1698862751.38044,1.69886275138044E+018,40.485806,-80.332822,Path 4 – Northwest Corner,,572,
1010.8,1698862751.58072,1.69886275158072E+018,40.485805,-80.332821,Path 4 – Northwest Corner,,573,
1011,1698862751.78004,1.69886275178004E+018,40.485803,-80.332821,Path 4 – Northwest Corner,,574,
1011.2,1698862751.98239,1.69886275198239E+018,40.485802,-80.332820,Path 4 – Northwest Corner,,575,
1011.4,1698862752.18096,1.69886275218096E+018,40.485801,-80.332820,Path 4 – Northwest Corner,,576,
1011.6,1698862752.38179,1.69886275238179E+018,40.485800,-80.332819,Path 4 – Northwest Corner,,577,
1011.8,1698862752.58154,1.69886275258154E+018,40.485798,-80.332819,Path 4 – Northwest Corner,,578,
1012,1698862752.78175,1.69886275278175E+018,40.485797,-80.332818,Path 4 – Northwest Corner,,579,
1012.2,1698862752.98083,1.69886275298083E+018,40.485796,-80.332818,Path 4 – Northwest Corner,,580,
1012.4,1698862753.18045,1.69886275318045E+018,40.485795,-80.332818,Path 4 – Northwest Corner,,581,
1012.6,1698862753.38158,1.69886275338158E+018,40.485794,-80.332818,Path 4 – Northwest Corner,,582,
1012.8,1698862753.58076,1.69886275358076E+018,40.485792,-80.332817,Path 4 – Northwest Corner,,583,
1013,1698862753.78115,1.69886275378115E+018,40.485791,-80.332817,Path 4 – Northwest Corner,,584,
1013.2,1698862753.98152,1.69886275398152E+018,40.485790,-80.332817,Path 4 – Northwest Corner,,585,
1013.4,1698862754.1805,1.6988627541805E+018,40.485788,-80.332817,Path 4 – Northwest Corner,,586,
1013.6,1698862754.38147,1.69886275438147E+018,40.485787,-80.332816,Path 4 – Northwest Corner,,587,
1013.8,1698862754.58165,1.69886275458165E+018,40.485786,-80.332816,Path 4 – Northwest Corner,,588,
1014,1698862754.78372,1.69886275478372E+018,40.485784,-80.332816,Path 4 – Northwest Corner,,589,
1014.2,1698862754.98204,1.69886275498204E+018,40.485783,-80.332816,Path 4 – Northwest Corner,,590,
1014.4,1698862755.18234,1.69886275518234E+018,40.485782,-80.332816,Path 4 – Northwest Corner,,591,
1014.6,1698862755.38237,1.69886275538237E+018,40.485780,-80.332815,Path 4 – Northwest Corner,,592,
1014.8,1698862755.58072,1.69886275558072E+018,40.485779,-80.332815,Path 4 – Northwest Corner,,593,
1015,1698862755.78228,1.69886275578228E+018,40.485778,-80.332815,Path 4 – Northwest Corner,,594,
1015.2,1698862755.981,1.698862755981E+018,40.485777,-80.332815,Path 4 – Northwest Corner,,595,
1015.4,1698862756.18166,1.69886275618166E+018,40.485775,-80.332814,Path 4 – Northwest Corner,,596,
1015.6,1698862756.38136,1.69886275638136E+018,40.485774,-80.332814,Path 4 – Northwest Corner,,597,
1015.8,1698862756.58123,1.69886275658123E+018,40.485773,-80.332813,Path 4 – Northwest Corner,,598,
1016,1698862756.78142,1.69886275678142E+018,40.485771,-80.332813,Path 4 – Northwest Corner,,599,
1016.2,1698862756.98333,1.69886275698333E+018,40.485770,-80.332812,Path 4 – Northwest Corner,,600,
1016.4,1698862757.18273,1.69886275718273E+018,40.485769,-80.332812,Path 4 – Northwest Corner,,601,
1016.6,1698862757.38213,1.69886275738213E+018,40.485768,-80.332811,Path 4 – Northwest Corner,,602,
1016.8,1698862757.58126,1.69886275758126E+018,40.485767,-80.332810,Path 4 – Northwest Corner,,603,
1017,1698862757.78219,1.69886275778219E+018,40.485765,-80.332810,Path 4 – Northwest Corner,,604,
1017.2,1698862757.98367,1.69886275798367E+018,40.485764,-80.332809,Path 4 – Northwest Corner,,605,
1017.4,1698862758.18074,1.69886275818074E+018,40.485763,-80.332809,Path 4 – Northwest Corner,,606,
1017.6,1698862758.38165,1.69886275838165E+018,40.485762,-80.332808,Path 4 – Northwest Corner,,607,
1017.8,1698862758.5837,1.6988627585837E+018,40.485760,-80.332807,Path 4 – Northwest Corner,,608,
1018,1698862758.78243,1.69886275878243E+018,40.485759,-80.332807,Path 4 – Northwest Corner,,609,
1018.2,1698862758.98292,1.69886275898292E+018,40.485758,-80.332806,Path 4 – Northwest Corner,,610,
1018.4,1698862759.18061,1.69886275918061E+018,40.485757,-80.332806,Path 4 – Northwest Corner,,611,
1018.6,1698862759.38087,1.69886275938087E+018,40.485755,-80.332805,Path 4 – Northwest Corner,,612,
1018.8,1698862759.58076,1.69886275958076E+018,40.485754,-80.332805,Path 4 – Northwest Corner,,613,
1019,1698862759.78022,1.69886275978022E+018,40.485753,-80.332804,Path 4 – Northwest Corner,,614,
1019.2,1698862759.98316,1.69886275998316E+018,40.485752,-80.332803,Path 4 – Northwest Corner,,615,
1019.4,1698862760.18163,1.69886276018163E+018,40.485750,-80.332803,Path 4 – Northwest Corner,,616,
1019.6,1698862760.38177,1.69886276038177E+018,40.485749,-80.332802,Path 4 – Northwest Corner,,617,
1019.8,1698862760.58107,1.69886276058107E+018,40.485748,-80.332802,Path 4 – Northwest Corner,,618,
1020,1698862760.78492,1.69886276078492E+018,40.485746,-80.332801,Path 4 – Northwest Corner,,619,
1020.21,1698862760.98642,1.69886276098642E+018,40.485745,-80.332800,Path 4 – Northwest Corner,,620,
1020.4,1698862761.18154,1.69886276118154E+018,40.485744,-80.332800,Path 4 – Northwest Corner,,621,
1020.6,1698862761.38107,1.69886276138107E+018,40.485743,-80.332799,Path 4 – Northwest Corner,,622,
1020.8,1698862761.58203,1.69886276158203E+018,40.485741,-80.332798,Path 4 – Northwest Corner,,623,
1021,1698862761.78101,1.69886276178101E+018,40.485740,-80.332798,Path 4 – Northwest Corner,,624,
1021.2,1698862761.98162,1.69886276198162E+018,40.485739,-80.332797,Path 4 – Northwest Corner,,625,
1021.4,1698862762.18169,1.69886276218169E+018,40.485738,-80.332796,Path 4 – Northwest Corner,,626,
1021.6,1698862762.38102,1.69886276238102E+018,40.485736,-80.332796,Path 4 – Northwest Corner,,627,
1021.8,1698862762.5808,1.6988627625808E+018,40.485735,-80.332795,Path 4 – Northwest Corner,,628,
1022,1698862762.78308,1.69886276278308E+018,40.485734,-80.332794,Path 4 – Northwest Corner,,629,
1022.2,1698862762.98308,1.69886276298308E+018,40.485733,-80.332794,Path 4 – Northwest Corner,,630,
1022.4,1698862763.18301,1.69886276318301E+018,40.485731,-80.332793,Path 4 – Northwest Corner,,631,
1022.6,1698862763.38364,1.69886276338364E+018,40.485730,-80.332792,Path 4 – Northwest Corner,,632,
1022.8,1698862763.58337,1.69886276358337E+018,40.485729,-80.332791,Path 4 – Northwest Corner,,633,
1023,1698862763.78189,1.69886276378189E+018,40.485728,-80.332791,Path 4 – Northwest Corner,,634,
1023.2,1698862763.98169,1.69886276398169E+018,40.485727,-80.332790,Path 4 – Northwest Corner,,635,
1023.4,1698862764.18149,1.69886276418149E+018,40.485726,-80.332790,Path 4 – Northwest Corner,,636,
1023.6,1698862764.38125,1.69886276438125E+018,40.485724,-80.332789,Path 4 – Northwest Corner,,637,
1023.8,1698862764.58162,1.69886276458162E+018,40.485723,-80.332789,Path 4 – Northwest Corner,,638,
1024,1698862764.78229,1.69886276478229E+018,40.485722,-80.332788,Path 4 – Northwest Corner,,639,
1024.2,1698862764.98268,1.69886276498268E+018,40.485721,-80.332788,Path 4 – Northwest Corner,,640,
1024.41,1698862765.18801,1.69886276518801E+018,40.485719,-80.332787,Path 4 – Northwest Corner,,641,
1024.6,1698862765.3806,1.69886276538061E+018,40.485718,-80.332787,Path 4 – Northwest Corner,,642,
1024.8,1698862765.58232,1.69886276558232E+018,40.485717,-80.332786,Path 4 – Northwest Corner,,643,
1025,1698862765.78101,1.69886276578101E+018,40.485716,-80.332785,Path 4 – Northwest Corner,,644,
1025.2,1698862765.98215,1.69886276598215E+018,40.485714,-80.332785,Path 4 – Northwest Corner,,645,
1025.4,1698862766.18201,1.69886276618201E+018,40.485713,-80.332784,Path 4 – Northwest Corner,,646,
1025.6,1698862766.38313,1.69886276638313E+018,40.485712,-80.332784,Path 4 – Northwest Corner,,647,
1025.8,1698862766.5812,1.6988627665812E+018,40.485711,-80.332783,Path 4 – Northwest Corner,,648,
1026,1698862766.78068,1.69886276678068E+018,40.485710,-80.332783,Path 4 – Northwest Corner,,649,
1026.2,1698862766.98194,1.69886276698194E+018,40.485708,-80.332782,Path 4 – Northwest Corner,,650,
1026.4,1698862767.18082,1.69886276718083E+018,40.485707,-80.332781,Path 4 – Northwest Corner,,651,
1026.6,1698862767.38206,1.69886276738206E+018,40.485706,-80.332780,Path 4 – Northwest Corner,,652,
1026.8,1698862767.58071,1.69886276758071E+018,40.485704,-80.332779,Path 4 – Northwest Corner,,653,
1027,1698862767.78105,1.69886276778105E+018,40.485703,-80.332778,Path 4 – Northwest Corner,,654,
1027.2,1698862767.98213,1.69886276798213E+018,40.485702,-80.332777,Path 4 – Northwest Corner,,655,
1027.4,1698862768.18219,1.69886276818219E+018,40.485701,-80.332777,Path 4 – Northwest Corner,,656,
1027.6,1698862768.38013,1.69886276838013E+018,40.485699,-80.332776,Path 4 – Northwest Corner,,657,
1027.8,1698862768.58092,1.69886276858092E+018,40.485698,-80.332776,Path 4 – Northwest Corner,,658,
1028,1698862768.7833,1.6988627687833E+018,40.485697,-80.332775,Path 4 – Northwest Corner,,659,
1028.2,1698862768.98299,1.69886276898299E+018,40.485696,-80.332775,Path 4 – Northwest Corner,,660,
1028.4,1698862769.18168,1.69886276918168E+018,40.485695,-80.332774,Path 4 – Northwest Corner,,661,
1028.6,1698862769.3813,1.6988627693813E+018,40.485694,-80.332774,Path 4 – Northwest Corner,,662,
1028.8,1698862769.583,1.698862769583E+018,40.485692,-80.332773,Path 4 – Northwest Corner,,663,
1029,1698862769.78137,1.69886276978137E+018,40.485691,-80.332773,Path 4 – Northwest Corner,,664,
1029.2,1698862769.98086,1.69886276998086E+018,40.485689,-80.332773,Path 4 – Northwest Corner,,665,
1029.4,1698862770.1817,1.6988627701817E+018,40.485688,-80.332772,Path 4 – Northwest Corner,,666,
1029.6,1698862770.38132,1.69886277038132E+018,40.485687,-80.332772,Path 4 – Northwest Corner,,667,
1029.8,1698862770.58252,1.69886277058252E+018,40.485685,-80.332772,Path 4 – Northwest Corner,,668,
1030,1698862770.78137,1.69886277078137E+018,40.485684,-80.332772,Path 4 – Northwest Corner,,669,
1030.2,1698862770.98133,1.69886277098133E+018,40.485683,-80.332772,Path 4 – Northwest Corner,,670,
1030.4,1698862771.18219,1.69886277118219E+018,40.485681,-80.332771,Path 4 – Northwest Corner,,671,
1030.6,1698862771.38147,1.69886277138147E+018,40.485680,-80.332771,Path 4 – Northwest Corner,,672,
1030.8,1698862771.58103,1.69886277158103E+018,40.485679,-80.332771,Path 4 – Northwest Corner,,673,
1031,1698862771.78184,1.69886277178183E+018,40.485677,-80.332770,Path 4 – Northwest Corner,,674,
1031.2,1698862771.98188,1.69886277198188E+018,40.485676,-80.332770,Path 4 – Northwest Corner,,675,
1031.4,1698862772.18195,1.69886277218195E+018,40.485675,-80.332769,Path 4 – Northwest Corner,,676,
1031.6,1698862772.38135,1.69886277238135E+018,40.485673,-80.332769,Path 4 – Northwest Corner,,677,
1031.8,1698862772.58239,1.69886277258239E+018,40.485672,-80.332769,Path 4 – Northwest Corner,,678,
1032,1698862772.78126,1.69886277278126E+018,40.485671,-80.332768,Path 4 – Northwest Corner,,679,
1032.2,1698862772.98166,1.69886277298166E+018,40.485669,-80.332768,Path 4 – Northwest Corner,,680,
1032.4,1698862773.18175,1.69886277318175E+018,40.485668,-80.332768,Path 4 – Northwest Corner,,681,
1032.6,1698862773.38268,1.69886277338268E+018,40.485666,-80.332768,Path 4 – Northwest Corner,,682,
1032.8,1698862773.58164,1.69886277358164E+018,40.485665,-80.332768,Path 4 – Northwest Corner,,683,
1033,1698862773.78107,1.69886277378107E+018,40.485664,-80.332768,Path 4 – Northwest Corner,,684,
1033.2,1698862773.98259,1.69886277398259E+018,40.485662,-80.332768,Path 4 – Northwest Corner,,685,
1033.4,1698862774.18211,1.69886277418211E+018,40.485661,-80.332768,Path 4 – Northwest Corner,,686,
1033.6,1698862774.38137,1.69886277438137E+018,40.485660,-80.332768,Path 4 – Northwest Corner,,687,
1033.8,1698862774.5816,1.6988627745816E+018,40.485659,-80.332768,Path 4 – Northwest Corner,,688,
1034,1698862774.78196,1.69886277478196E+018,40.485657,-80.332768,Path 4 – Northwest Corner,,689,
1034.2,1698862774.9818,1.6988627749818E+018,40.485656,-80.332767,Path 4 – Northwest Corner,,690,
1034.4,1698862775.18148,1.69886277518148E+018,40.485655,-80.332767,Path 4 – Northwest Corner,,691,
1034.6,1698862775.38254,1.69886277538254E+018,40.485653,-80.332767,Path 4 – Northwest Corner,,692,
1034.8,1698862775.58256,1.69886277558256E+018,40.485652,-80.332767,Path 4 – Northwest Corner,,693,
1035,1698862775.78073,1.69886277578073E+018,40.485651,-80.332767,Path 4 – Northwest Corner,,694,
1035.21,1698862775.9865,1.6988627759865E+018,40.485650,-80.332766,Path 4 – Northwest Corner,,695,
1035.4,1698862776.18368,1.69886277618368E+018,40.485649,-80.332766,Path 4 – Northwest Corner,,696,
1035.6,1698862776.38153,1.69886277638153E+018,40.485647,-80.332766,Path 4 – Northwest Corner,,697,
1035.8,1698862776.5832,1.6988627765832E+018,40.485646,-80.332765,Path 4 – Northwest Corner,,698,
1036,1698862776.78151,1.69886277678151E+018,40.485645,-80.332765,Path 4 – Northwest Corner,,699,
1036.2,1698862776.98228,1.69886277698228E+018,40.485644,-80.332765,Path 4 – Northwest Corner,,700,
1036.4,1698862777.1815,1.6988627771815E+018,40.485642,-80.332764,Path 4 – Northwest Corner,,701,
1036.6,1698862777.38174,1.69886277738174E+018,40.485641,-80.332764,Path 4 – Northwest Corner,,702,
1036.8,1698862777.58513,1.69886277758513E+018,40.485640,-80.332763,Path 4 – Northwest Corner,,703,
1037,1698862777.78224,1.69886277778224E+018,40.485639,-80.332763,Path 4 – Northwest Corner,,704,
1037.2,1698862777.98098,1.69886277798098E+018,40.485638,-80.332763,Path 4 – Northwest Corner,,705,
1037.4,1698862778.18241,1.69886277818241E+018,40.485636,-80.332762,Path 4 – Northwest Corner,,706,
1037.6,1698862778.38217,1.69886277838217E+018,40.485635,-80.332762,Path 4 – Northwest Corner,,707,
1037.8,1698862778.5822,1.69886277858221E+018,40.485634,-80.332761,Path 4 – Northwest Corner,,708,
1038,1698862778.78104,1.69886277878104E+018,40.485633,-80.332761,Path 4 – Northwest Corner,,709,
1038.2,1698862778.98099,1.69886277898099E+018,40.485631,-80.332761,Path 4 – Northwest Corner,,710,
1038.4,1698862779.18075,1.69886277918075E+018,40.485630,-80.332760,Path 4 – Northwest Corner,,711,
1038.6,1698862779.38248,1.69886277938248E+018,40.485629,-80.332760,Path 4 – Northwest Corner,,712,
1038.8,1698862779.58194,1.69886277958194E+018,40.485628,-80.332759,Path 4 – Northwest Corner,,713,
1039,1698862779.78179,1.69886277978179E+018,40.485627,-80.332759,Path 4 – Northwest Corner,,714,
1039.2,1698862779.98101,1.69886277998101E+018,40.485626,-80.332759,Path 4 – Northwest Corner,,715,
1039.4,1698862780.1819,1.6988627801819E+018,40.485624,-80.332758,Path 4 – Northwest Corner,,716,
1039.6,1698862780.38302,1.69886278038302E+018,40.485623,-80.332758,Path 4 – Northwest Corner,,717,
1039.8,1698862780.58164,1.69886278058163E+018,40.485622,-80.332757,Path 4 – Northwest Corner,,718,
1040,1698862780.78244,1.69886278078244E+018,40.485621,-80.332757,Path 4 – Northwest Corner,,719,
1040.2,1698862780.98141,1.69886278098141E+018,40.485620,-80.332756,Path 4 – Northwest Corner,,720,
1040.4,1698862781.1809,1.6988627811809E+018,40.485619,-80.332756,Path 4 – Northwest Corner,,721,
1040.6,1698862781.38239,1.69886278138239E+018,40.485618,-80.332755,Path 4 – Northwest Corner,,722,
1040.8,1698862781.58042,1.69886278158042E+018,40.485616,-80.332754,Path 4 – Northwest Corner,,723,
1041,1698862781.78356,1.69886278178356E+018,40.485615,-80.332754,Path 4 – Northwest Corner,,724,
1041.2,1698862781.98045,1.69886278198045E+018,40.485614,-80.332754,Path 4 – Northwest Corner,,725,
1041.4,1698862782.18197,1.69886278218197E+018,40.485613,-80.332753,Path 4 – Northwest Corner,,726,
1041.6,1698862782.38174,1.69886278238174E+018,40.485612,-80.332753,Path 4 – Northwest Corner,,727,
1041.8,1698862782.58056,1.69886278258056E+018,40.485611,-80.332752,Path 4 – Northwest Corner,,728,
1042,1698862782.78128,1.69886278278128E+018,40.485609,-80.332752,Path 4 – Northwest Corner,,729,
1042.2,1698862782.98254,1.69886278298254E+018,40.485608,-80.332751,Path 4 – Northwest Corner,,730,
1042.4,1698862783.18132,1.69886278318132E+018,40.485607,-80.332751,Path 4 – Northwest Corner,,731,
1042.6,1698862783.38357,1.69886278338357E+018,40.485606,-80.332751,Path 4 – Northwest Corner,,732,
1042.8,1698862783.5813,1.6988627835813E+018,40.485605,-80.332750,Path 4 – Northwest Corner,,733,
1043,1698862783.78257,1.69886278378257E+018,40.485603,-80.332750,Path 4 – Northwest Corner,,734,
1043.2,1698862783.98208,1.69886278398208E+018,40.485602,-80.332750,Path 4 – Northwest Corner,,735,
1043.4,1698862784.18393,1.69886278418393E+018,40.485601,-80.332750,Disregard – will use Red path,,736,
1043.6,1698862784.38046,1.69886278438046E+018,40.485600,-80.332750,Disregard – will use Red path,,737,
1043.8,1698862784.58095,1.69886278458095E+018,40.485599,-80.332751,Disregard – will use Red path,,738,
295.199794530869,1698865012.0685,1.6988650120685E+018,40.485572,-80.332740,run2 moving left,,743,
294.999115943909,1698865011.86782,1.69886501186782E+018,40.485573,-80.332739,run2 moving left,,744,
294.79783987999,1698865011.66654,1.69886501166654E+018,40.485574,-80.332738,run2 moving left,,745,
294.600412130356,1698865011.46912,1.69886501146912E+018,40.485576,-80.332736,run2 moving left,,746,
294.400704145432,1698865011.26941,1.69886501126941E+018,40.485577,-80.332735,run2 moving left,,747,
294.198777914047,1698865011.06748,1.69886501106748E+018,40.485578,-80.332734,run2 moving left,,748,
294.001034975052,1698865010.86974,1.69886501086974E+018,40.485579,-80.332732,run2 moving left,,749,
293.796738862991,1698865010.66544,1.69886501066544E+018,40.485580,-80.332731,run2 moving left,,750,
293.598511695862,1698865010.46722,1.69886501046722E+018,40.485581,-80.332730,run2 moving left,,751,
293.398340940475,1698865010.26704,1.69886501026704E+018,40.485582,-80.332728,run2 moving left,,752,
293.197817564011,1698865010.06652,1.69886501006652E+018,40.485584,-80.332727,run2 moving left,,753,
292.997461080551,1698865009.86616,1.69886500986616E+018,40.485585,-80.332725,run2 moving left,,754,
292.796622753143,1698865009.66533,1.69886500966533E+018,40.485586,-80.332724,run2 moving left,,755,
292.598231554031,1698865009.46694,1.69886500946694E+018,40.485587,-80.332722,run2 moving left,,756,
292.39778804779,1698865009.26649,1.69886500926649E+018,40.485588,-80.332720,run2 moving left,,757,
292.198665857315,1698865009.06737,1.69886500906737E+018,40.485589,-80.332719,run2 moving left,,758,
291.997579336166,1698865008.86628,1.69886500886628E+018,40.485590,-80.332717,run2 moving left,,759,
291.79734992981,1698865008.66605,1.69886500866605E+018,40.485591,-80.332716,run2 moving left,,760,
291.598235368729,1698865008.46694,1.69886500846694E+018,40.485592,-80.332714,run2 moving left,,761,
291.398050546646,1698865008.26675,1.69886500826675E+018,40.485593,-80.332712,run2 moving left,,762,
291.197038888931,1698865008.06574,1.69886500806574E+018,40.485594,-80.332711,run2 moving left,,763,
290.997402429581,1698865007.86611,1.69886500786611E+018,40.485595,-80.332709,run2 moving left,,764,
290.79803609848,1698865007.66674,1.69886500766674E+018,40.485596,-80.332707,run2 moving left,,765,
290.597909212112,1698865007.46661,1.69886500746661E+018,40.485597,-80.332706,run2 moving left,,766,
290.403825044632,1698865007.27253,1.69886500727253E+018,40.485598,-80.332704,run2 moving left,,767,
290.199303388596,1698865007.06801,1.69886500706801E+018,40.485600,-80.332702,run2 moving left,,768,
289.998039484024,1698865006.86674,1.69886500686674E+018,40.485600,-80.332701,run2 moving left,,769,
289.801946401596,1698865006.67065,1.69886500667065E+018,40.485601,-80.332699,run2 moving left,,770,
289.598711967468,1698865006.46742,1.69886500646742E+018,40.485602,-80.332697,run2 moving left,,771,
289.398237705231,1698865006.26694,1.69886500626694E+018,40.485603,-80.332696,run2 moving left,,772,
289.198224782944,1698865006.06693,1.69886500606693E+018,40.485604,-80.332694,run2 moving left,,773,
288.998604536056,1698865005.86731,1.69886500586731E+018,40.485605,-80.332693,run2 moving left,,774,
288.806464910507,1698865005.67517,1.69886500567517E+018,40.485606,-80.332691,run2 moving left,,775,
288.602513074875,1698865005.47122,1.69886500547122E+018,40.485607,-80.332690,run2 moving left,,776,
288.398806333542,1698865005.26751,1.69886500526751E+018,40.485608,-80.332688,run2 moving left,,777,
288.197461366653,1698865005.06617,1.69886500506616E+018,40.485609,-80.332686,run2 moving left,,778,
288.000205039978,1698865004.86891,1.69886500486891E+018,40.485609,-80.332685,run2 moving left,,779,
287.798110485077,1698865004.66681,1.69886500466681E+018,40.485610,-80.332683,run2 moving left,,780,
287.60227394104,1698865004.47098,1.69886500447098E+018,40.485611,-80.332681,run2 moving left,,781,
287.40073132515,1698865004.26943,1.69886500426943E+018,40.485612,-80.332679,run2 moving left,,782,
287.200618743896,1698865004.06932,1.69886500406932E+018,40.485613,-80.332678,run2 moving left,,783,
287.001024723053,1698865003.86973,1.69886500386973E+018,40.485614,-80.332676,run2 moving left,,784,
286.797606229782,1698865003.66631,1.69886500366631E+018,40.485615,-80.332674,run2 moving left,,785,
286.59973192215,1698865003.46844,1.69886500346844E+018,40.485615,-80.332673,run2 moving left,,786,
286.399430990219,1698865003.26813,1.69886500326813E+018,40.485616,-80.332671,run2 moving left,,787,
286.199749708176,1698865003.06845,1.69886500306845E+018,40.485617,-80.332669,run2 moving left,,788,
285.997497320175,1698865002.8662,1.6988650028662E+018,40.485618,-80.332668,run2 moving left,,789,
285.797834396362,1698865002.66654,1.69886500266654E+018,40.485618,-80.332666,run2 moving left,,790,
285.599016904831,1698865002.46772,1.69886500246772E+018,40.485619,-80.332664,run2 moving left,,791,
285.399400949478,1698865002.2681,1.6988650022681E+018,40.485620,-80.332662,run2 moving left,,792,
285.199395418167,1698865002.0681,1.6988650020681E+018,40.485620,-80.332660,run2 moving left,,793,
285.017115354538,1698865001.88582,1.69886500188582E+018,40.485621,-80.332659,run2 moving left,,794,
284.801492929459,1698865001.6702,1.6988650016702E+018,40.485622,-80.332657,run2 moving left,,795,
284.599549293518,1698865001.46825,1.69886500146825E+018,40.485623,-80.332655,run2 moving left,,796,
