time_delta,timestamp_seconds,timestamp_raw,lat,lng,pose_x,pose_y
0.03998231887817383,1713393281.0665393,1713393281066539172,40.48582465,-80.33228348666667,1.8299025336746126,34.95477925054729
30.839067459106445,1713393311.8656244,1713393311865624340,40.48581562166667,-80.33228424333333,1.7801669344771653,33.966809569858015
53.44032025337219,1713393334.4668772,1713393334466877326,40.4858199,-80.33230442,1.7057316253194585,33.14405360259116
53.635969400405884,1713393334.6625264,1713393334662526316,40.48580836833333,-80.33228521666666,1.7055368143955585,33.14405496265007
82.43421173095703,1713393363.4607687,1713393363460768695,40.485817055,-80.33228186,1.9710649190237746,34.10923308506608
115.84521889686584,1713393396.8717759,1713393396871775830,40.48580344166667,-80.33229681166667,2.1267548337345943,33.56536619178951
116.03514075279236,1713393397.0616977,1713393397061697610,40.485812015,-80.33228017666667,2.1271444368312564,33.56536149966148
121.2339072227478,1713393402.2604642,1713393402260464256,40.485827605,-80.33227878666666,2.093385730520822,33.49480918701738
201.8318808078766,1713393482.8584378,1713393482858437779,40.485817923333336,-80.33227469,2.5546630740864202,34.38358135800809
203.23294472694397,1713393484.2595017,1713393484259501699,40.485808088333336,-80.33227034166667,2.920285944477655,33.31475923303515
204.43077874183655,1713393485.4573357,1713393485457335705,40.485797993333335,-80.33226571333333,3.2993214866146445,32.19090508110821
205.63153982162476,1713393486.6580968,1713393486658096833,40.4857888,-80.33226105333334,3.6866231414023787,31.188111257739365
206.8321328163147,1713393487.8586898,1713393487858689684,40.485779038333334,-80.3322557,4.1508770467480645,30.096724034287035
207.8324556350708,1713393488.8590126,1713393488859012717,40.485770826666666,-80.33225061,4.588713728939183,29.192183937877417
208.83046221733093,1713393489.8570192,1713393489857019162,40.485761661666665,-80.33224858166666,4.829576540156268,28.220104102045298
209.83257055282593,1713393490.8591275,1713393490859127466,40.48575236666667,-80.332249135,4.822394005255774,27.2091449117288
211.03224921226501,1713393492.0588062,1713393492058806199,40.485741886666666,-80.33225266333334,4.562714172760025,26.00090252608061
212.031010389328,1713393493.0575674,1713393493057567274,40.485733028333335,-80.33225686,4.228278171969578,25.02039911225438
213.0254611968994,1713393494.0520182,1713393494052018179,40.485725093333336,-80.33226272,3.780857634381391,24.092509196139872
214.23137092590332,1713393495.257928,1713393495257927871,40.48571698833333,-80.33227005,3.1875683474354446,23.194597529247403
215.43115997314453,1713393496.457717,1713393496457716848,40.485709955,-80.33227795666667,2.539805914508179,22.364173084497452
216.62969326972961,1713393497.6562502,1713393497656250248,40.485701533333334,-80.33228578333333,1.8571776407770813,21.474281079135835
217.83349561691284,1713393498.8600526,1713393498860052545,40.485691773333336,-80.332292,1.3018235649215057,20.41680636908859
219.03293251991272,1713393500.0594895,1713393500059489371,40.48568168833334,-80.33229660833334,0.908856805996038,19.274529901333153
220.233638048172,1713393501.260195,1713393501260194958,40.48567234833333,-80.33230226166667,0.48952798859681934,18.199768331833184
221.43073058128357,1713393502.4572875,1713393502457287563,40.485664123333336,-80.33231156833334,-0.2560652600368485,17.267402422614396
222.43238043785095,1713393503.4589374,1713393503458937444,40.485656076666665,-80.33231788333333,-0.8336163733620197,16.399027070961893
223.42682552337646,1713393504.4533825,1713393504453382397,40.48564818166667,-80.33232584333334,-1.4534180542686954,15.51368102338165
224.43400597572327,1713393505.460563,1713393505460562841,40.48564165333333,-80.33233657166667,-2.340660587302409,14.74434910248965
225.63251161575317,1713393506.6590686,1713393506659068553,40.485636013333334,-80.33234876166667,-3.3708497112384066,14.104184107854962
226.83004307746887,1713393507.8566,1713393507856600163,40.48562765,-80.33235754833333,-4.161756065906957,13.204777906648815
227.83196449279785,1713393508.8585215,1713393508858521347,40.48561968,-80.33236424833333,-4.737271599355154,12.328647779300809
228.83236289024353,1713393509.8589199,1713393509858919812,40.485611516666665,-80.33236997166667,-5.238716576364823,11.446047644130886
229.83151483535767,1713393510.8580718,1713393510858071853,40.48560222166667,-80.33237180833333,-5.455865367664956,10.441455483436584
230.83340644836426,1713393511.8599634,1713393511859963370,40.485592606666664,-80.33236989833334,-5.350211516255513,9.359935467131436
231.83281540870667,1713393512.8593724,1713393512859372437,40.48558383,-80.332365015,-4.964360265061259,8.362125580199063
232.8324589729309,1713393513.859016,1713393513859016041,40.48557469666667,-80.33236127833334,-4.609601779025979,7.366300613619387
233.83573532104492,1713393514.8622923,1713393514862292186,40.485565308333335,-80.33235826166667,-4.338808559812605,6.340423510409892
234.83268404006958,1713393515.859241,1713393515859241011,40.48555597166666,-80.33235498166667,-4.060713290702552,5.301650835201144
235.83495116233826,1713393516.8615081,1713393516861508153,40.485547155,-80.332350605,-3.7066580241080374,4.305450566112995
236.8320996761322,1713393517.8586566,1713393517858656688,40.48553806333334,-80.33234541166667,-3.273395038326271,3.3146599046885967
237.8332085609436,1713393518.8597655,1713393518859765433,40.48552934,-80.332339355,-2.7740708122728392,2.330474480986595
238.83248376846313,1713393519.8590407,1713393519859040663,40.485519968333335,-80.33233485833334,-2.3165564105147496,1.327101543545723
239.83421540260315,1713393520.8607724,1713393520860772448,40.48551030833333,-80.33233431666666,-2.2011736122658476,0.2480603400617838
240.83252024650574,1713393521.8590772,1713393521859077160,40.485500736666665,-80.332332435,-2.0735801006667316,-0.8018416110426188
241.8313570022583,1713393522.857914,1713393522857913962,40.48549176,-80.33232804666666,-1.7368146834196523,-1.8092733165249228
242.83265900611877,1713393523.859216,1713393523859216043,40.48548267333334,-80.33232260666666,-1.289222631137818,-2.8267821660265326
243.83356928825378,1713393524.8601263,1713393524860126295,40.485473725,-80.33231743166667,-0.8277163183083758,-3.8162489207461476
244.8325002193451,1713393525.8590572,1713393525859057292,40.48546382,-80.332314955,-0.5685635535046458,-4.89050205424428
245.8355610370636,1713393526.862118,1713393526862117970,40.485454075,-80.33231359666667,-0.4695617009419948,-5.988908403553069
246.83374452590942,1713393527.8603015,1713393527860301533,40.485444601666664,-80.33230943,-0.13167256151791662,-7.032778865657747
247.83237409591675,1713393528.858931,1713393528858931066,40.48543560666667,-80.33230371,0.3506365775829181,-8.045769665390253
248.83435463905334,1713393529.8609116,1713393529860911573,40.48542753,-80.33229805,0.8306598118506372,-8.943330332636833
249.8329474925995,1713393530.8595045,1713393530859504467,40.485417735,-80.332294265,1.2240723449504003,-9.98807570245117
250.83373975753784,1713393531.8602967,1713393531860296641,40.485407736666666,-80.33229099,1.48616561293602,-11.096163683570921
251.83425664901733,1713393532.8608136,1713393532860813501,40.48539912,-80.33228613833333,1.8809863112401217,-12.084284737706184
252.83219146728516,1713393533.8587484,1713393533858748407,40.48539082833334,-80.33228017166667,2.366975023993291,-13.004741637967527
253.8318648338318,1713393534.8584218,1713393534858421832,40.48538250666667,-80.33227313333333,2.9742377332877368,-13.915770316496491
254.83233070373535,1713393535.8588877,1713393535858887762,40.485372991666665,-80.33226915666667,3.3827649948652834,-14.941715008579195
255.83380484580994,1713393536.8603618,1713393536860361899,40.48536334333333,-80.33226653,3.5999366217292845,-16.03108660597354
256.83404088020325,1713393537.8605978,1713393537860597950,40.48535399,-80.33226227166666,3.928324844338931,-17.07003345992416
257.83113503456116,1713393538.857692,1713393538857692099,40.48534437,-80.33226041,4.190672849770635,-18.118360589258373
258.8322899341583,1713393539.858847,1713393539858846809,40.48533438166667,-80.3322621,4.109310625004582,-19.220536819659173
259.8321783542633,1713393540.8587353,1713393540858735434,40.48532454833333,-80.33226391833334,3.9315408057300374,-20.3140069488436
260.8345592021942,1713393541.8611162,1713393541861116061,40.48531486833333,-80.33226277833333,3.9898129132343456,-21.406246007420123
261.83269715309143,1713393542.8592541,1713393542859254103,40.485305025,-80.33226105333334,4.167889102478512,-22.481482489965856
262.83230781555176,1713393543.8588648,1713393543858864860,40.48529525666667,-80.33226388833333,4.0194276723777875,-23.583796420134604
263.8346779346466,1713393544.861235,1713393544861234815,40.48528578333333,-80.33227048166667,3.501967321615666,-24.627663573250175
264.8312361240387,1713393545.857793,1713393545857793131,40.48527588333334,-80.33227549833333,3.023071490577422,-25.746168677695096
265.83115434646606,1713393546.8577113,1713393546857711240,40.4852668,-80.33227841833333,2.792514521512203,-26.75234256964177
266.83272337913513,1713393547.8592803,1713393547859280342,40.485258333333334,-80.33228438666667,2.349178942036815,-27.73514987528324
267.834025144577,1713393548.860582,1713393548860582000,40.48525155666667,-80.33229389333333,1.596349557978101,-28.514565778896213
268.83235144615173,1713393549.8589084,1713393549858908357,40.48524605,-80.33230493333333,0.692810669192113,-29.165798654779792
269.8336479663849,1713393550.860205,1713393550860204996,40.485241708333334,-80.33231730333333,-0.3219000326935202,-29.705385371111333
270.8330295085907,1713393551.8595865,1713393551859586428,40.48524164166667,-80.332330295,-1.4277947187656537,-29.82512992992997
271.8328082561493,1713393552.8593652,1713393552859365263,40.48524431333333,-80.33234244166667,-2.47445819969289,-29.558306457474828
272.8307452201843,1713393553.8573022,1713393553857302143,40.485244775,-80.33235554666666,-3.554159213672392,-29.424571302719414
273.83382844924927,1713393554.8603854,1713393554860385330,40.48524392,-80.3323689,-4.681923207594082,-29.566497248597443
274.8330886363983,1713393555.8596456,1713393555859645698,40.485246636666666,-80.33238097,-5.74836618185509,-29.355326522141695
275.83113718032837,1713393556.8576941,1713393556857694232,40.48525155666667,-80.33239241666666,-6.725238070590422,-28.828032803721726
290.83392572402954,1713393571.8604827,1713393571860482745,40.48525520166667,-80.33240331,-7.768815816030838,-28.334175718016922
293.8326323032379,1713393574.8591893,1713393574859189293,40.48525438833333,-80.33241544666667,-8.793908231891692,-28.41649054083973
296.2309498786926,1713393577.2575068,1713393577257506871,40.485251008333336,-80.33242702833333,-9.763091399567202,-28.7747899601236
298.431316614151,1713393579.4578736,1713393579457873501,40.48524590833333,-80.33243790333333,-10.69058941595722,-29.30279979389161
300.63215684890747,1713393581.6587138,1713393581658713869,40.485238805,-80.33244718333333,-11.468344160355628,-30.092763574793935
302.4290187358856,1713393583.4555757,1713393583455575596,40.48523079666667,-80.33245274166667,-11.989916871418245,-30.985506031662226
304.4294855594635,1713393585.4560425,1713393585456042528,40.485221788333334,-80.332455765,-12.257994226063602,-31.961991325952113
306.6308114528656,1713393587.6573684,1713393587657368489,40.48521192,-80.33245872166667,-12.45857331273146,-33.047122994437814
308.835072517395,1713393589.8616295,1713393589861629550,40.48520247166667,-80.33245857666667,-12.503062176401727,-34.13144391216338
311.83312582969666,1713393592.8596828,1713393592859682802,40.48519404166667,-80.33245321666666,-12.055994400172494,-35.11695028003305
314.62965202331543,1713393595.656209,1713393595656209031,40.48519007833333,-80.332440555,-11.153232898679562,-35.53916356805712
315.4311954975128,1713393596.4577525,1713393596457752426,40.485189255,-80.33242699166667,-10.029402009444311,-35.68015147559345
337.4356038570404,1713393618.4621608,1713393618462160717,40.48519462666667,-80.33241720166667,-8.998595261597075,-35.10196187533438
340.8328742980957,1713393621.8594313,1713393621859431254,40.48520382833333,-80.33241432666667,-8.763398582697846,-34.12998048309237
343.22946763038635,1713393624.2560246,1713393624256024694,40.485213036666664,-80.33241257333333,-8.589991159387864,-33.09445243142545
345.43196201324463,1713393626.458519,1713393626458519054,40.48522273333333,-80.33241455,-8.733796392101794,-32.048928344622254
347.2307674884796,1713393628.2573245,1713393628257324459,40.485231565,-80.33242021333334,-9.179286833270453,-31.066555432975292
348.6333980560303,1713393629.659955,1713393629659955008,40.48523745166667,-80.33242925,-9.874020400689915,-30.375796573236585
349.8314428329468,1713393630.8579998,1713393630857999787,40.485238693333336,-80.33244169833333,-10.895819570636377,-30.165212439373136
351.03523111343384,1713393632.061788,1713393632061788130,40.48523437833333,-80.33245406833333,-11.974015888059512,-30.547832739539444
352.2345178127289,1713393633.2610748,1713393633261074859,40.48522584166667,-80.33246161166667,-12.681157956132665,-31.447344266809523
353.43174171447754,1713393634.4582987,1713393634458298706,40.48521549833333,-80.33246294166666,-12.896300232270733,-32.56810836214572
354.62945103645325,1713393635.656008,1713393635656007905,40.485205918333335,-80.33245778333334,-12.529370178235695,-33.66023275256157
355.8312554359436,1713393636.8578124,1713393636857812479,40.48519781666667,-80.33244904166666,-11.798205493716523,-34.57310049794614
357.0326511859894,1713393638.0592082,1713393638059208262,40.48519005333333,-80.332440585,-11.094340762356296,-35.481179376132786
358.2303285598755,1713393639.2568855,1713393639256885611,40.48518903833333,-80.33242810666667,-10.06243745086249,-35.72017893195152
359.4301996231079,1713393640.4567566,1713393640456756626,40.485194635,-80.33241663333334,-9.063656243961304,-35.203470536507666
360.63060879707336,1713393641.6571658,1713393641657165825,40.48520297333334,-80.33240934833333,-8.401971964049153,-34.30781778972596
361.83260893821716,1713393642.859166,1713393642859165947,40.48521290666667,-80.33240704833334,-8.121893100091256,-33.21856934670359
363.0312180519104,1713393644.057775,1713393644057774906,40.48522281166667,-80.33241153833333,-8.412022819044068,-32.10162760131061
364.03096294403076,1713393645.05752,1713393645057519872,40.48522954333333,-80.33241988666667,-9.056018398725428,-31.30206803046167
365.2330012321472,1713393646.2595582,1713393646259558176,40.485232966666665,-80.33243259333334,-10.109463125700131,-30.829746637493372
366.23122334480286,1713393647.2577803,1713393647257780262,40.485231405,-80.33244506166666,-11.14973593573086,-30.92216660734266
367.2317605018616,1713393648.2583175,1713393648258317431,40.48522571,-80.33245465833333,-12.05344319937285,-31.457951799035072
368.23165822029114,1713393649.2582152,1713393649258215227,40.485217623333334,-80.33246078333333,-12.590080138063058,-32.338782395236194
369.23020911216736,1713393650.256766,1713393650256765964,40.48520925,-80.33246724666667,-13.09268954838626,-33.31075139902532
370.23221802711487,1713393651.258775,1713393651258775061,40.48520242666667,-80.332475485,-13.77190861897543,-34.110700231045485
371.4313440322876,1713393652.457901,1713393652457901050,40.48519519333333,-80.33248444333333,-14.567442733678035,-34.922074519097805
372.4308440685272,1713393653.457401,1713393653457400948,40.485187761666666,-80.33249191666667,-15.168357657035813,-35.690533919259906
373.43123507499695,1713393654.457792,1713393654457792100,40.485180076666666,-80.33249903833334,-15.770967361982912,-36.55243706330657
374.4301435947418,1713393655.4567006,1713393655456700599,40.485173368333335,-80.332508195,-16.49003372224979,-37.35102193709463
375.43275904655457,1713393656.459316,1713393656459316073,40.48516884,-80.33251923166667,-17.383729703724384,-37.903196786530316
376.43126153945923,1713393657.4578185,1713393657457818411,40.48516563,-80.33253059833334,-18.357198200304992,-38.29279447346926
377.430860042572,1713393658.457417,1713393658457416915,40.48516340166667,-80.332542535,-19.366388071444817,-38.59145138319582
378.4308886528015,1713393659.4574456,1713393659457445582,40.48516192666666,-80.33255471166666,-20.394875976489857,-38.76666621025652
379.43208146095276,1713393660.4586384,1713393660458638532,40.48516111833333,-80.33256698333334,-21.412845717626624,-38.81969353090972
380.433310508728,1713393661.4598675,1713393661459867434,40.48516210333333,-80.33257943333334,-22.47263029147871,-38.779235968366265
381.4306058883667,1713393662.4571629,1713393662457162747,40.48516303833333,-80.33259206166667,-23.520812543458305,-38.666535892523825
382.43723225593567,1713393663.4637892,1713393663463789299,40.485162270000004,-80.33260598666666,-24.696030811523087,-38.679309408180416
383.4332551956177,1713393664.4598122,1713393664459812070,40.48515974666667,-80.33262041166667,-25.902243335964158,-38.983340757898986
384.4309334754944,1713393665.4574904,1713393665457490503,40.48515944,-80.33263464166667,-27.13504749746062,-39.11477196123451
385.43182039260864,1713393666.4583774,1713393666458377245,40.48515969166667,-80.33264829333334,-28.29382865387015,-39.04083506576717
386.43060302734375,1713393667.45716,1713393667457160059,40.485158205,-80.33266093833333,-29.41022404714022,-39.21060805954039
387.4293830394745,1713393668.45594,1713393668455939943,40.48515474333333,-80.33267292,-30.40326770429965,-39.60830770805478
388.42941784858704,1713393669.4559748,1713393669455974734,40.485153585,-80.33268496,-31.394664565450512,-39.7380976350978
389.4308035373688,1713393670.4573605,1713393670457360410,40.485155516666666,-80.33269697666667,-32.446385102230124,-39.66187039576471
390.42841362953186,1713393671.4549706,1713393671454970697,40.48520926,-80.33280600833334,-33.44507508899551,-39.33159078191966
390.6277937889099,1713393671.6543508,1713393671654350651,40.485200075,-80.332798055,-33.44507508899551,-39.33159078191966
390.827684879303,1713393671.8542418,1713393671854241745,40.48518650166667,-80.33278328833333,-33.44507508899551,-39.33159078191966
391.0289430618286,1713393672.0555,1713393672055500045,40.48515293333333,-80.33273559,-33.77286373246787,-39.80198947594261
391.23104548454285,1713393672.2576025,1713393672257602341,40.48515931833333,-80.332711295,-33.77286373246787,-39.80198947594261
392.230562210083,1713393673.2571192,1713393673257119186,40.485165628333334,-80.332721485,-34.57995859638322,-38.62565680406988
393.2352731227875,1713393674.26183,1713393674261830105,40.485174253333334,-80.33272720666666,-35.135263085132465,-37.710717047564685
394.2338535785675,1713393675.2604105,1713393675260410489,40.485182691666665,-80.332733635,-35.626065413467586,-36.751071689650416
395.2298424243927,1713393676.2563994,1713393676256399377,40.48518868833333,-80.33274245666667,-36.408726644702256,-36.01453730277717
396.23350071907043,1713393677.2600577,1713393677260057724,40.48519683666667,-80.33274885666667,-36.970068138442,-35.23525673337281
397.23166060447693,1713393678.2582176,1713393678258217554,40.48520606333334,-80.33275229333333,-37.35170612845104,-34.215212023817
398.2303342819214,1713393679.2568913,1713393679256891356,40.485215118333336,-80.33275477833334,-37.53633159492165,-33.188497295603156
399.23180174827576,1713393680.2583587,1713393680258358718,40.48522340833333,-80.33276025,-37.952153156744316,-32.24345580395311
400.2334768772125,1713393681.2600338,1713393681260033804,40.48523142333333,-80.3327672,-38.539749723277055,-31.354661627672613
401.23195362091064,1713393682.2585106,1713393682258510609,40.48523883166666,-80.3327746,-39.16542630945332,-30.548670607618988
402.2319164276123,1713393683.2584734,1713393683258473514,40.48524645166667,-80.33278164833334,-39.776673735585064,-29.726659420877695
403.2304861545563,1713393684.2570431,1713393684257043120,40.48525340166667,-80.33278943833334,-40.40378497017082,-28.93640515115112
404.03084993362427,1713393685.057407,1713393685057406840,40.48526022666667,-80.33279994666667,-41.26166274386924,-28.247246969491243
404.2307975292206,1713393685.2573545,1713393685257354399,40.48527329833333,-80.33282963166667,-41.463531103450805,-28.02268879953772
404.43524980545044,1713393685.4618068,1713393685461806686,40.48526281,-80.33280290666667,-41.94156298469456,-28.318850160519073
405.4316620826721,1713393686.458219,1713393686458219115,40.48526982833334,-80.33281033833333,-42.23971843277104,-27.114598905667663
406.63179206848145,1713393687.658349,1713393687658349087,40.48527936666667,-80.33281641833334,-42.81747247802559,-26.088821231387556
407.83094000816345,1713393688.857497,1713393688857496937,40.485289423333334,-80.332819425,-43.10493385524023,-24.987769067287445
408.8294825553894,1713393689.8560395,1713393689856039420,40.48529782166667,-80.33282385666666,-43.43131578818429,-24.06388246268034
410.03468012809753,1713393691.061237,1713393691061237207,40.48530750166667,-80.33282947,-43.94645694969222,-23.005069232545793
411.2316460609436,1713393692.258203,1713393692258203074,40.48531751,-80.33283147833333,-44.17396145674866,-21.856015685014427
412.4317088127136,1713393693.4582658,1713393693458265772,40.485327535,-80.33283059666667,-44.121043154154904,-20.76497086044401
413.63063502311707,1713393694.657192,1713393694657191930,40.48533744833333,-80.33283278666667,-44.24895272986032,-19.653831796720624
414.8320035934448,1713393695.8585606,1713393695858560676,40.485347313333335,-80.33283817,-44.6876533877803,-18.559843381866813
416.0323131084442,1713393697.05887,1713393697058870081,40.48535701,-80.33284470166667,-45.235291126416996,-17.500165679492056
417.23154640197754,1713393698.2581034,1713393698258103312,40.48536682,-80.332849575,-45.70502013945952,-16.39401599764824
418.4309368133545,1713393699.4574938,1713393699457493743,40.485376515,-80.33285190166667,-45.91108132142108,-15.353217208757997
419.6312310695648,1713393700.657788,1713393700657788096,40.485386641666665,-80.33285686333333,-46.289601177792065,-14.222141376696527
420.83173537254333,1713393701.8582923,1713393701858292326,40.485396976666664,-80.33285885166667,-46.57537218253128,-13.064277665689588
421.8300738334656,1713393702.8566308,1713393702856630790,40.48540637,-80.332858395,-46.553967496729456,-12.04636575654149
422.83287048339844,1713393703.8594275,1713393703859427427,40.48541530333333,-80.33286091,-46.69130428764038,-11.052225394174457
423.8320941925049,1713393704.8586512,1713393704858651208,40.48542393,-80.33286485833334,-47.05430667987093,-10.086432786658406
425.02944684028625,1713393706.0560038,1713393706056003859,40.48543457,-80.33286520833333,-47.15714500343893,-8.90942492429167
426.229859828949,1713393707.2564168,1713393707256416859,40.48544534333333,-80.33286347333333,-46.98732172034215,-7.735536050051451
427.42900943756104,1713393708.4555664,1713393708455566295,40.485455566666666,-80.33286611,-47.17743051319849,-6.581204365938902
428.6297404766083,1713393709.6562974,1713393709656297361,40.485466116666665,-80.332867075,-47.308491830248386,-5.40811010170728
429.83048367500305,1713393710.8570406,1713393710857040587,40.48547611666667,-80.33286184666666,-46.975009913905524,-4.2816420597955585
431.029669046402,1713393712.056226,1713393712056226000,40.48548551166667,-80.33285574833333,-46.488976812688634,-3.2282104352489114
432.0317168235779,1713393713.0582738,1713393713058273890,40.485493463333334,-80.33284886166666,-45.91695162106771,-2.3380491388961673
433.2307541370392,1713393714.257311,1713393714257311023,40.48550153833333,-80.33283977833334,-45.18561050889548,-1.4067207565531135
434.2290849685669,1713393715.255642,1713393715255641987,40.485507526666666,-80.33283083666667,-44.43705868150573,-0.7152225282043219
435.42869806289673,1713393716.455255,1713393716455255123,40.485513733333335,-80.33281933666666,-43.48242156789638,-0.0027398578822612762
436.6299841403961,1713393717.656541,1713393717656541157,40.48551990166666,-80.33280897833333,-42.56310114089865,0.6724735526368022
437.83000111579895,1713393718.856558,1713393718856557977,40.485527775,-80.33280026833333,-41.83253546117339,1.5194310192018747
439.02992701530457,1713393720.056484,1713393720056483923,40.485536045,-80.332792305,-41.14479685947299,2.4443247569724917
440.2300260066986,1713393721.256583,1713393721256583003,40.48554433666666,-80.332784635,-40.51508063520305,3.364339572377503
441.43200278282166,1713393722.4585598,1713393722458559731,40.48555399833333,-80.33277994666666,-40.07357083365787,4.420950238592923
442.6296560764313,1713393723.656213,1713393723656213097,40.485564278333335,-80.33277714833334,-39.840637406217866,5.5618293620646
443.83075165748596,1713393724.8573086,1713393724857308584,40.485574595,-80.3327743,-39.59098704683129,6.715045675635338
445.0326659679413,1713393726.059223,1713393726059223048,40.48558480333333,-80.33277062666667,-39.31997928477358,7.846037055365741
446.231894493103,1713393727.2584515,1713393727258451523,40.48559407166667,-80.33276413166666,-38.786522803944536,8.885951923206449
447.4300136566162,1713393728.4565706,1713393728456570661,40.48560197,-80.33275510666667,-38.063236594200134,9.798718965612352
448.6315999031067,1713393729.6581569,1713393729658156922,40.485608645,-80.33274475166667,-37.23733781091869,10.573318085633218
449.83206820487976,1713393730.8586252,1713393730858625247,40.485614041666665,-80.33273333333334,-36.2899598168442,11.19934630393982
450.8319170475006,1713393731.858474,1713393731858474050,40.48561803333333,-80.332722605,-35.38992298336234,11.65961607825011
452.0321207046509,1713393733.0586777,1713393733058677627,40.48562128333333,-80.33270956833333,-34.29693496960681,12.0843426566571
453.2311625480652,1713393734.2577195,1713393734257719540,40.48562349,-80.33269582,-33.14043937413953,12.330273164436221
454.4324767589569,1713393735.4590337,1713393735459033690,40.48562438333333,-80.33268189833333,-31.966506291530095,12.455893004313111
455.6310224533081,1713393736.6575794,1713393736657579491,40.48562659,-80.33266861,-30.819818864343688,12.672517828643322
456.8308455944061,1713393737.8574026,1713393737857402521,40.48563001666667,-80.332655615,-29.72168021905236,13.051216086372733
458.03132796287537,1713393739.057885,1713393739057885000,40.485633658333334,-80.33264339,-28.687791710952297,13.464025822468102
459.2314841747284,1713393740.2580411,1713393740258041073,40.485637538333336,-80.33263107833334,-27.65576626569964,13.899023038335145
460.4327347278595,1713393741.4592917,1713393741459291723,40.48563969666667,-80.33261727166666,-26.50510054884944,14.205964400433004
461.4319713115692,1713393742.4585283,1713393742458528245,40.4856396,-80.332605245,-25.480166036519222,14.215011015534401
462.4328393936157,1713393743.4593964,1713393743459396401,40.48564073166666,-80.332593335,-24.472095724544488,14.324576669372618
463.6322214603424,1713393744.6587784,1713393744658778499,40.485643565,-80.33258017833333,-23.33593039342668,14.606247243471444
464.83103704452515,1713393745.857594,1713393745857594073,40.48564674833333,-80.33256755333333,-22.280868085334077,14.983695746399462
466.031681060791,1713393747.058238,1713393747058238048,40.48565042,-80.33255475833333,-21.199798295623623,15.377807163633406
467.2329924106598,1713393748.2595494,1713393748259549467,40.48565435166667,-80.33254178333334,-20.10970813257154,15.830635725520551
468.23039388656616,1713393749.2569509,1713393749256950973,40.48565614,-80.332529765,-19.12332757737022,16.08101708162576
469.2323360443115,1713393750.258893,1713393750258892945,40.48565634166667,-80.33251775666666,-18.081900258897804,16.132002144120634
470.2305371761322,1713393751.2570941,1713393751257094147,40.48565802833333,-80.33250606,-17.082272074301727,16.255750857293606
471.43128871917725,1713393752.4578457,1713393752457845627,40.48566064333333,-80.33249264833333,-15.941103377495892,16.566877296194434
472.4310042858124,1713393753.4575613,1713393753457561141,40.48565992333333,-80.33248081,-14.948650844511576,16.59344079438597
473.4317035675049,1713393754.4582605,1713393754458260568,40.48565769166667,-80.332469065,-13.953823621966876,16.343429663218558
474.4309673309326,1713393755.4575243,1713393755457524277,40.48565752333333,-80.33245687333333,-12.926006635767408,16.288855731487274
475.4312915802002,1713393756.4578485,1713393756457848430,40.48565909166667,-80.33244496333333,-11.902156913885847,16.422593996860087
476.630667924881,1713393757.657225,1713393757657224965,40.485661155,-80.33243109333333,-10.742190079181455,16.67632474936545
477.6242895126343,1713393758.6508465,1713393758650846509,40.485663093333336,-80.33241950166666,-9.75227975891903,16.889546669088304
478.82292008399963,1713393759.849477,1713393759849477138,40.485667883333335,-80.33240684666667,-8.650785241858102,17.347273503430188
479.0279986858368,1713393760.0545557,1713393760054555734,40.48565927166667,-80.332413735,-8.48933327908162,17.47948332875967
479.223619222641,1713393760.2501762,1713393760250176152,40.48570711333333,-80.33235334,-8.615974785058619,17.764997021654132
479.4293351173401,1713393760.455892,1713393760455892002,40.485661611666664,-80.33241357333333,-8.738203408748758,17.97781689842641
479.62592601776123,1713393760.652483,1713393760652483091,40.485686495,-80.33243072666667,-8.91674642119679,18.238767747030337
479.8294994831085,1713393760.8560565,1713393760856056523,40.485668305,-80.332410865,-8.91674642119679,18.238767747030337
480.02696466445923,1713393761.0535216,1713393761053521728,40.485706658333335,-80.33235834833333,-9.075521866389963,18.425460259224888
480.230895280838,1713393761.2574522,1713393761257452293,40.48566915333333,-80.33240338166667,-9.286970845932611,18.64773649117831
480.8355107307434,1713393761.8620677,1713393761862067682,40.48572388666667,-80.33235129333333,-9.727593622694709,18.996230994779566
481.0305678844452,1713393762.0571249,1713393762057124795,40.48569689166667,-80.33241085833333,-9.93066773269898,19.110564000839318
481.6296052932739,1713393762.6561623,1713393762656162228,40.48570260666666,-80.33242127333334,-9.679905134136789,21.196615201421082
481.82784962654114,1713393762.8544066,1713393762854406531,40.485714718333334,-80.33243286166666,-9.741192144458182,21.324549783952534
482.0300648212433,1713393763.0566218,1713393763056621789,40.48570492,-80.33242277666666,-9.98015147419349,21.286231923141862
483.2332742214203,1713393764.2598312,1713393764259831151,40.485708081666665,-80.33243432666667,-10.69271536055021,21.863136417232454
484.4327127933502,1713393765.4592698,1713393765459269811,40.485711153333334,-80.33244696833333,-11.709058222011663,22.26839430257678
485.6325612068176,1713393766.6591182,1713393766659118202,40.48570480833333,-80.33245828666666,-12.757838753401302,21.751677867025137
486.63243412971497,1713393767.658991,1713393767658991072,40.4856941,-80.332459135,-12.988573012291454,20.582137586548924
487.6319799423218,1713393768.658537,1713393768658536962,40.48568395833333,-80.332456105,-12.755322456825525,19.45828992780298
488.62808561325073,1713393769.6546426,1713393769654642486,40.48567503666666,-80.332449605,-12.280141987837851,18.378825148567557
489.8244876861572,1713393770.8510447,1713393770851044771,40.48567194,-80.33243706333333,-11.220470758154988,17.885459291748703
491.02692914009094,1713393772.053486,1713393772053486022,40.48567644166667,-80.33242618666667,-10.268795309821144,18.260462287813425
492.2287724018097,1713393773.2553294,1713393773255329435,40.48568378833333,-80.33241774166666,-9.525215880363248,19.12306247651577
493.4345715045929,1713393774.4611285,1713393774461128387,40.485693455,-80.332417315,-9.282764155650511,20.14412699174136
494.631733417511,1713393775.6582904,1713393775658290459,40.485697173333335,-80.33242927666667,-10.192950437660329,20.708372910507023
495.63129138946533,1713393776.6578484,1713393776657848379,40.48569986166667,-80.33244080666667,-11.20974966546055,20.893833188340068
496.8333613872528,1713393777.8599184,1713393777859918453,40.485700745,-80.33245446333333,-12.37068349251058,21.16016351059079
497.8321566581726,1713393778.8587136,1713393778858713613,40.48569285166667,-80.33246163166666,-13.064627614803612,20.47740058042109
498.8333170413971,1713393779.859874,1713393779859873954,40.485683038333335,-80.33245857833333,-12.99707966845017,19.29772093053907
499.83334732055664,1713393780.8599043,1713393780859904186,40.485668288333336,-80.33244362833334,-12.20068402751349,18.631227370351553
500.8272259235382,1713393781.853783,1713393781853782994,40.48567666833333,-80.33243835666667,-11.318011962808669,18.417555545456707
502.02853178977966,1713393783.0550888,1713393783055088772,40.485665913333335,-80.33242096166667,-10.192085633752868,18.259932531043887
502.2196297645569,1713393783.2461867,1713393783246186666,40.485707653333336,-80.33236129,-10.083359224544246,18.476581723045577
502.4277141094208,1713393783.454271,1713393783454271070,40.48566649333333,-80.332417635,-9.914051401838906,18.761049585082823
502.62027382850647,1713393783.6468308,1713393783646830774,40.48570011166667,-80.33237066,-9.914051401838906,18.761049585082823
502.8267602920532,1713393783.8533173,1713393783853317345,40.485680986666665,-80.33241192166666,-9.760208539811769,18.969108130625624
503.22940826416016,1713393784.2559652,1713393784255965270,40.485668825,-80.332404715,-9.39299730132649,19.442253449160084
503.8289804458618,1713393784.8555374,1713393784855537368,40.48566176333333,-80.33239403,-9.098031026388448,19.945790857646394
504.22938871383667,1713393785.2559457,1713393785255945703,40.48565069333333,-80.332388385,-8.930954725198436,20.491400151899427
506.03693079948425,1713393787.0634878,1713393787063487672,40.48564131166667,-80.332388925,-7.892229592757563,22.102021546870862
506.4297432899475,1713393787.4563003,1713393787456300234,40.485652105,-80.33238484833333,-7.313800078921242,22.166766157493473
507.4314079284668,1713393788.457965,1713393788457964803,40.485642295,-80.3323804,-6.349277441506274,14.85666465666145
508.43197536468506,1713393789.4585323,1713393789458532383,40.485634811666664,-80.33237081666667,-5.535175080411136,13.978467177599669
509.43303060531616,1713393790.4595876,1713393790459587481,40.48562578,-80.33236590666667,-5.049246061127633,13.028222439810634
510.43345952033997,1713393791.4600165,1713393791460016498,40.48561604333333,-80.33236546833334,-4.922715864959173,11.950745617970824
511.43194699287415,1713393792.458504,1713393792458504034,40.48560646166667,-80.33236435833334,-4.884959431481548,10.881292715668678
512.432409286499,1713393793.4589663,1713393793458966301,40.485597653333336,-80.33235997166666,-4.5410511860391125,9.90055663138628
513.431845664978,1713393794.4584026,1713393794458402550,40.48558832166667,-80.33235697833334,-4.210605338099413,8.906767880544066
514.2320320606232,1713393795.258589,1713393795258589069,40.48558016333333,-80.33235039333333,-3.606515395687893,7.947981618344784
515.2337093353271,1713393796.2602663,1713393796260266202,40.485569925,-80.33235059666667,-3.649004018981941,6.86090050637722
516.2318849563599,1713393797.258442,1713393797258441895,40.485560398333334,-80.33234814166667,-3.414859705953859,5.787198105826974
517.2318859100342,1713393798.2584429,1713393798258442948,40.48555135666667,-80.33234405833333,-3.151659158873372,4.775324499234557
518.2315571308136,1713393799.258114,1713393799258114067,40.48554192333334,-80.33233965333334,-2.7613751818425953,3.7518316134810448
519.2306325435638,1713393800.2571895,1713393800257189565,40.48553250333333,-80.33233514833333,-2.3812473415164277,2.707725590094924
520.2324912548065,1713393801.2590482,1713393801259048127,40.48552311,-80.33233053166667,-1.9856316212099046,1.6517109954729676
521.2310421466827,1713393802.257599,1713393802257599193,40.485514215,-80.33232564,-1.585658247466199,0.6545631662011147
522.2314748764038,1713393803.2580318,1713393803258031751,40.485505485,-80.33232031,-1.1021390333771706,-0.2944044675678015
523.2356460094452,1713393804.262203,1713393804262202890,40.48549649666667,-80.33231492,-0.6207298821536824,-1.2818705048412085
524.2329897880554,1713393805.2595468,1713393805259546755,40.48548624833333,-80.33231288333333,-0.41654460737481713,-2.410007963888347
525.2336242198944,1713393806.2601812,1713393806260181136,40.48547653166667,-80.332310625,-0.23527503840159625,-3.4966911347582936
526.232439994812,1713393807.258997,1713393807258996983,40.48546726666667,-80.33230570166667,0.1576599960681051,-4.515723527409136
527.2312459945679,1713393808.257803,1713393808257803079,40.48545834666667,-80.33229964,0.6525127296335995,-5.52491916064173
528.2329134941101,1713393809.2594705,1713393809259470381,40.485449345,-80.33229403166666,1.1632363082608208,-6.503282708115876
529.2324137687683,1713393810.2589707,1713393810258970834,40.48544014666667,-80.33229109333334,1.4948851470835507,-7.525183909572661
530.2335619926453,1713393811.260119,1713393811260118852,40.485430735,-80.33228945333333,1.620042821392417,-8.551792732439935
531.2332367897034,1713393812.2597938,1713393812259793782,40.48542135833333,-80.33228479,1.963961665169336,-9.60838329885155
532.2331655025482,1713393813.2597225,1713393813259722442,40.48541154833333,-80.332281745,2.3040905103553087,-10.668147729709744
533.2377233505249,1713393814.2642803,1713393814264280223,40.485401638333336,-80.33228134666666,2.3494270547525957,-11.768440200947225
534.2321448326111,1713393815.2587018,1713393815258701854,40.485392098333335,-80.332279005,2.5081886402331293,-12.848818199709058
535.2335891723633,1713393816.2601461,1713393816260146206,40.48538282,-80.332274485,2.8879947686800733,-13.868874849751592
536.2326509952545,1713393817.259208,1713393817259207855,40.485373345,-80.33227015,3.2737618485698476,-14.911272809840739
537.2330341339111,1713393818.259591,1713393818259591089,40.485363371666665,-80.33227021,3.35385434969794,-16.012227339670062
538.2312452793121,1713393819.2578022,1713393819257802276,40.48535343333333,-80.33226974833333,3.375635017757304,-17.117138327099383
539.2350697517395,1713393820.2616267,1713393820261626795,40.485343915,-80.33226724833334,3.5674546655500308,-18.179134991019964
540.2327702045441,1713393821.2593272,1713393821259327132,40.485334161666664,-80.33226475833334,3.8185345539823174,-19.250488865189254
541.234237909317,1713393822.2607949,1713393822260794971,40.48532423666666,-80.33226607,3.781136279925704,-20.356772704981267
542.2338168621063,1713393823.2603738,1713393823260373943,40.485314386666666,-80.33226824666667,3.5793473633239046,-21.449684522114694
543.2321121692657,1713393824.2586691,1713393824258669138,40.485304495,-80.33226775,3.562492534634657,-22.54526723176241
544.2333679199219,1713393825.259925,1713393825259924778,40.485294638333336,-80.33226574,3.73779257084243,-23.62700014282018
545.2318358421326,1713393826.2583928,1713393826258392866,40.485284425,-80.33226285666667,3.9781418297206983,-24.75504882913083
546.2320623397827,1713393827.2586193,1713393827258619380,40.485274948333334,-80.33226081166667,4.195138937444426,-25.83998143672943
547.2316329479218,1713393828.25819,1713393828258189980,40.48526494833333,-80.33226214333334,4.149174338206649,-26.934304317459464
548.2321903705597,1713393829.2587473,1713393829258747452,40.485255546666664,-80.33226585833333,3.8609506223583594,-27.992347894236445
549.2300977706909,1713393830.2566547,1713393830256654684,40.48524553666667,-80.33226725833333,3.7197182482341304,-29.097937317565084
550.2306258678436,1713393831.2571828,1713393831257182884,40.48523673333333,-80.33227354333333,3.331943937460892,-30.123987052589655
551.2323544025421,1713393832.2589114,1713393832258911295,40.485231085,-80.332284225,2.44632511632517,-30.80986676737666
552.2315437793732,1713393833.2581007,1713393833258100685,40.48522586333333,-80.33229544333334,1.526867025764659,-31.392210772261024
553.234124660492,1713393834.2606816,1713393834260681537,40.485220831666666,-80.332307715,0.5042489310726523,-31.988286039792
554.2320141792297,1713393835.2585711,1713393835258571053,40.485218401666664,-80.33232079833333,-0.5873999751638621,-32.366569488309324
555.2320287227631,1713393836.2585857,1713393836258585586,40.48521851666667,-80.33233406333333,-1.7321944837458432,-32.33008829690516
556.2314155101776,1713393837.2579725,1713393837257972435,40.48521505833333,-80.33234696166667,-2.8246215557446703,-32.642883110791445
557.2296407222748,1713393838.2561977,1713393838256197658,40.485209688333335,-80.33235848333334,-3.815296904067509,-33.2226200690493
558.2316880226135,1713393839.258245,1713393839258245014,40.485204143333334,-80.33236961333333,-4.750668449443765,-33.84893149230629
559.2328424453735,1713393840.2593994,1713393840259399511,40.48520052833333,-80.33238152166666,-5.726571690989658,-34.308668756857514
560.2304496765137,1713393841.2570066,1713393841257006585,40.485198278333336,-80.33239473166667,-6.841130475280806,-34.57167721353471
561.2314646244049,1713393842.2580216,1713393842258021501,40.48519398166667,-80.33240686833334,-7.893663187045604,-35.004242145456374
562.2312304973602,1713393843.2577875,1713393843257787411,40.48518953166667,-80.332419045,-8.917923293542117,-35.551485396921635
563.2306847572327,1713393844.2572417,1713393844257241616,40.48518843,-80.33243278,-10.045641827746294,-35.7555741481483
564.2362957000732,1713393845.2628527,1713393845262852605,40.485187028333335,-80.33244560666667,-11.15926041919738,-35.881481069140136
565.2310855388641,1713393846.2576425,1713393846257642504,40.485183371666665,-80.33245797166667,-12.20422349171713,-36.23165785614401
566.2317178249359,1713393847.2582748,1713393847258274732,40.48517871166667,-80.33246952333333,-13.197097499039955,-36.74499092809856
567.231636762619,1713393848.2581937,1713393848258193770,40.485173525,-80.33248096,-14.161401430261321,-37.30029045045376
568.2304294109344,1713393849.2569864,1713393849256986358,40.485169793333334,-80.33249433333333,-15.24416332191322,-37.807827779091895
569.2299394607544,1713393850.2564964,1713393850256496521,40.48516909833333,-80.33250686333334,-16.33908468228765,-37.95912412554026
570.2300825119019,1713393851.2566395,1713393851256639598,40.485167651666664,-80.33251949833334,-17.37651112221647,-38.03579567372799
571.2301263809204,1713393852.2566833,1713393852256683255,40.485164285,-80.33253179833333,-18.456844449741766,-38.43489722441882
572.2292146682739,1713393853.2557716,1713393853255771565,40.48515899,-80.33254432166666,-19.49028320494108,-38.98276346363127
573.2310709953308,1713393854.257628,1713393854257627992,40.485153393333334,-80.33255690666667,-20.558685041149147,-39.521273385733366
574.2350752353668,1713393855.2616322,1713393855261632284,40.48514948166667,-80.33256900666666,-21.58175652369391,-40.057775193825364
575.2287282943726,1713393856.2552853,1713393856255285204,40.48514761,-80.33258208166667,-22.674233083613217,-40.364277040585876
576.231124162674,1713393857.2576811,1713393857257681041,40.48514742,-80.33259568833333,-23.822249298915267,-40.40626183338463
577.2304520606995,1713393858.257009,1713393858257009100,40.48514868833333,-80.33260895666666,-24.956324989791028,-40.31160228513181
578.2303159236908,1713393859.256873,1713393859256872893,40.485151028333334,-80.33262221,-26.081690701888874,-40.09846912231296
579.22949051857,1713393860.2560475,1713393860256047460,40.48515427,-80.33263522833333,-27.189994210959412,-39.731831945478916
580.2315335273743,1713393861.2580905,1713393861258090399,40.48515646166667,-80.332648785,-28.34183904749807,-39.4730157610029
581.2299172878265,1713393862.2564743,1713393862256474221,40.48515649,-80.332661995,-29.460774790728465,-39.4563160315156
582.2325751781464,1713393863.2591321,1713393863259132096,40.485155416666665,-80.33267505,-30.577145220711827,-39.57336028665304
583.2305755615234,1713393864.2571325,1713393864257132620,40.485157361666666,-80.33268776666667,-31.64341381425038,-39.44136960338801
584.2308924198151,1713393865.2574494,1713393865257449391,40.485160883333336,-80.33269993,-32.69728595763445,-39.06192421074957
585.230259180069,1713393866.2568161,1713393866256816255,40.484987221666664,-80.33247789166667,-33.80049923423212,-38.863978357985616
585.4301955699921,1713393866.4567525,1713393866456752551,40.485162761666665,-80.33271526666667,-34.037028191937466,-39.42446654918521
586.430858373642,1713393867.4574153,1713393867457415258,40.485166685,-80.33272806,-35.090637445799075,-38.493534681387246
587.0287821292877,1713393868.055339,1713393868055339070,40.48501452666667,-80.33251556333333,-35.65018971450627,-38.156418952159584
587.2304527759552,1713393868.2570097,1713393868257009678,40.485004545,-80.33249971,-35.65018971450627,-38.156418952159584
587.4291534423828,1713393868.4557104,1713393868455710481,40.48516666166667,-80.33275136833333,-36.11294904389888,-38.537617082886236
587.6311717033386,1713393868.6577287,1713393868657728743,40.485011935,-80.33251250333333,-36.11294904389888,-38.537617082886236
588.2328658103943,1713393869.2594228,1713393869259422662,40.485056568333334,-80.33257606833334,-36.59810588620763,-38.881254416227804
588.4302105903625,1713393869.4567676,1713393869456767533,40.48527382333333,-80.33288882833334,-37.099835836912355,-39.19721062862338
588.6282067298889,1713393869.6547637,1713393869654763609,40.485091045,-80.33262188833334,-37.099835836912355,-39.19721062862338
588.827474117279,1713393869.854031,1713393869854031177,40.48530538833333,-80.33293539333333,-37.099835836912355,-39.19721062862338
589.0304448604584,1713393870.0570018,1713393870057001837,40.485109853333334,-80.33266137666666,-37.61897088448966,-39.491641186959455
589.2282745838165,1713393870.2548316,1713393870254831462,40.48526908,-80.33288557666667,-37.61897088448966,-39.491641186959455
589.6282708644867,1713393870.6548278,1713393870654827899,40.485105285,-80.33265708333333,-38.14812788525235,-39.7599817398136
589.8304851055145,1713393870.857042,1713393870857042058,40.485191685,-80.33277006666667,-38.14812788525235,-39.7599817398136
590.829906463623,1713393871.8564634,1713393871856463384,40.485199888333334,-80.33277683,-39.34206022298895,-34.87595273926854
591.8298952579498,1713393872.8564522,1713393872856452189,40.48520838666666,-80.33278166,-39.78583203116432,-33.97090002987534
592.8298785686493,1713393873.8564355,1713393873856435508,40.48521787833333,-80.33278492166667,-40.09030348667875,-32.91826468333602
593.8306341171265,1713393874.857191,1713393874857191059,40.48522713166667,-80.33278642333333,-40.27151743124705,-31.894299276173115
594.8316056728363,1713393875.8581626,1713393875858162546,40.48523638166667,-80.33278795166666,-40.40410586283542,-30.85572029836476
595.8351376056671,1713393876.8616946,1713393876861694573,40.48524511833333,-80.332792165,-40.71120773663279,-29.884880039840937
596.8335688114166,1713393877.8601258,1713393877860125822,40.48525392333333,-80.33280958,-40.34351488552056,-29.041961233131588
597.0320122241974,1713393878.0585692,1713393878058569162,40.485253998333334,-80.33278958833333,-40.90529406306373,-29.208367806708573
598.0307919979095,1713393879.057349,1713393879057349008,40.48526161833333,-80.33279620833333,-41.032298974110745,-28.016653157770634
599.031599521637,1713393880.0581565,1713393880058156543,40.48526937,-80.33280355833334,-41.67090062331408,-27.182637859135866
600.0308201313019,1713393881.057377,1713393881057377056,40.48527768666667,-80.332809515,-42.19684883824084,-26.282646607607603
601.2309708595276,1713393882.2575278,1713393882257527819,40.485287805,-80.33281388833333,-42.57982561935205,-25.141429010778666
602.2310786247253,1713393883.2576356,1713393883257635651,40.485295405,-80.33282076166667,-43.151397669222206,-24.27934003993869
603.230938911438,1713393884.2574959,1713393884257495806,40.48530418,-80.33282655333333,-43.664345839759335,-23.342433045618236
604.2300283908844,1713393885.2565854,1713393885256585435,40.485313098333336,-80.33282954666667,-43.96749185328372,-22.371562748216093
605.2324979305267,1713393886.259055,1713393886259054991,40.48532179,-80.33283346,-44.26584909413941,-21.39880611654371
606.2295653820038,1713393887.2561224,1713393887256122283,40.4853302,-80.33283994,-44.78400938643608,-20.482474765740335
607.4321415424347,1713393888.4586985,1713393888458698627,40.485340283333336,-80.33284354833333,-45.18265783751849,-19.36098677292466
608.4309597015381,1713393889.4575167,1713393889457516702,40.48534927833333,-80.33284670666667,-45.42640495777596,-18.343044362962246
609.4336810112,1713393890.460238,1713393890460238079,40.48535808166667,-80.33285108166666,-45.822268583928235,-17.38434569351375
610.6318519115448,1713393891.6584089,1713393891658408911,40.48536858166667,-80.332852305,-45.99148597335443,-16.209319793619215
611.8326964378357,1713393892.8592534,1713393892859253515,40.48537902166667,-80.33285115333334,-45.89331405435223,-15.068719700910151
612.8303437232971,1713393893.8569007,1713393893856900730,40.48538839166667,-80.332853155,-46.03871233493555,-14.035972828045487
613.831606388092,1713393894.8581634,1713393894858163473,40.48539795666667,-80.33285393,-46.156508478103206,-12.973230367526412
614.8306164741516,1713393895.8571734,1713393895857173400,40.485407683333335,-80.33285335333333,-46.10601508244872,-11.916431064717472
615.8325245380402,1713393896.8590815,1713393896859081504,40.48541699166667,-80.33285497666667,-46.19482030812651,-10.857909709215164
616.8313055038452,1713393897.8578625,1713393897857862464,40.485426573333335,-80.33285898666666,-46.52614945685491,-9.82138816267252
618.0311417579651,1713393899.0576987,1713393899057698631,40.48543661,-80.33286314833333,-46.92043778824154,-8.697276945225894
619.0348041057587,1713393900.061361,1713393900061360978,40.485446435,-80.33286462666666,-47.08853456948418,-7.5956922341138124
620.0318026542664,1713393901.0583596,1713393901058359692,40.485455705,-80.332866965,-47.23467519332189,-6.59551302716136
621.2313718795776,1713393902.2579288,1713393902257928789,40.48546621333333,-80.33286748666667,-47.38440875336528,-5.400358504615724
622.2306303977966,1713393903.2571874,1713393903257187318,40.485474923333335,-80.33286316333333,-47.154442977160215,-4.408621625043452
623.2316601276398,1713393904.258217,1713393904258217076,40.485481766666666,-80.33285451,-46.42698805721011,-3.617191701196134
624.2318289279938,1713393905.258386,1713393905258385870,40.48549052333333,-80.33284846333333,-45.827808325761,-2.6938929986208677
625.2339613437653,1713393906.2605183,1713393906260518366,40.48550023666667,-80.33284658,-45.37011035392061,-1.7416919758543372
626.2294089794159,1713393907.255966,1713393907255965963,40.485506825,-80.33283632166666,-44.96690756245516,-0.7937881760299206
627.231855392456,1713393908.2584124,1713393908258412265,40.48551167,-80.33282565666667,-43.998946177307516,-0.19942739978432655
628.4304404258728,1713393909.4569974,1713393909456997287,40.485520001666664,-80.33281695166667,-43.20595532190055,0.6306107817217708
629.6298494338989,1713393910.6564064,1713393910656406303,40.485526721666666,-80.33280613666666,-42.36452955985442,1.4443641873076558
630.6302318572998,1713393911.6567888,1713393911656788778,40.48553213666667,-80.33279637833333,-41.54688350285869,2.021492769010365
631.8322622776031,1713393912.8588192,1713393912858819354,40.48554027666667,-80.33278735166667,-40.75157859385945,2.90039184410125
632.8293378353119,1713393913.8558948,1713393913855894708,40.485547761666666,-80.33278020333333,-40.145342825795524,3.731053452938795
633.8315618038177,1713393914.8581188,1713393914858118678,40.48555554833333,-80.332773855,-39.60423974622972,4.60044514760375
634.8312106132507,1713393915.8577676,1713393915857767552,40.48556404166666,-80.33276972666667,-39.203284105984494,5.527795980684459
635.8319292068481,1713393916.8584862,1713393916858486108,40.485573476666666,-80.33277008,-39.17846806847956,6.561459762044251
637.0316796302795,1713393918.0582366,1713393918058236561,40.48558318333333,-80.33276457,-38.86873695068061,7.690153787843883
638.0297873020172,1713393919.0563443,1713393919056344278,40.485590226666666,-80.33275700333333,-38.228807573905215,8.492393497377634
639.0289747714996,1713393920.0555317,1713393920055531810,40.485598616666664,-80.33275224333333,-37.7760438878322,9.368332842364907
640.0310640335083,1713393921.057621,1713393921057620946,40.48560643166667,-80.33274625833333,-37.326888651936315,10.27310677897185
641.2340319156647,1713393922.260589,1713393922260588771,40.485613341666664,-80.33273570666667,-36.47702434647363,11.11023619119078
642.230370759964,1713393923.2569277,1713393923256927629,40.485618035,-80.33272450166666,-35.566173969069496,11.653658028692007
643.2317495346069,1713393924.2583065,1713393924258306467,40.485621701666666,-80.3327134,-34.61703369789757,12.102643456310034
644.2307415008545,1713393925.2572985,1713393925257298354,40.48562462,-80.332701765,-33.65235946676694,12.440184330567718
645.2304394245148,1713393926.2569964,1713393926256996282,40.48562649666667,-80.33268952666667,-32.61685491877142,12.676689450629056
646.2307245731354,1713393927.2572815,1713393927257281636,40.485627056666665,-80.33267717333334,-31.573360100504942,12.771906088106334
647.2323341369629,1713393928.258891,1713393928258891164,40.485627365,-80.33266528,-30.558103471063077,12.790499432943761
648.2313919067383,1713393929.2579489,1713393929257948957,40.48562891833333,-80.33265315666667,-29.53966130153276,12.948245916515589
649.431081533432,1713393930.4576385,1713393930457638525,40.48563162,-80.33263974833334,-28.381011002580635,13.264127937145531
650.4323062896729,1713393931.4588633,1713393931458863353,40.485634518333335,-80.33262837666666,-27.437726704985835,13.572090972214937
651.4360134601593,1713393932.4625704,1713393932462570433,40.48563794333333,-80.33261694166667,-26.4597443647217,13.943035564385355
652.4318616390228,1713393933.4584186,1713393933458418673,40.48564145,-80.33260569333333,-25.5045867433073,14.34340955503285
653.4305427074432,1713393934.4570997,1713393934457099670,40.485645155,-80.33259432666667,-24.557621995685622,14.743721706792712
654.431168794632,1713393935.4577258,1713393935457725747,40.485648625,-80.33258339,-23.60836795484647,15.158852245658636
655.4312453269958,1713393936.4578023,1713393936457802219,40.48565003666667,-80.3325715,-22.640104046906345,15.376534027047455
656.4316279888153,1713393937.458185,1713393937458184976,40.485651471666664,-80.33255970666667,-21.636537357466295,15.502532059326768
657.4302821159363,1713393938.456839,1713393938456839025,40.485654346666664,-80.332548125,-20.63607896422036,15.796682490967214
658.4317696094513,1713393939.4583266,1713393939458326602,40.48565794833333,-80.33253655,-19.673456370597705,16.19988887850195
659.4302494525909,1713393940.4568064,1713393940456806383,40.485659505,-80.33252444166666,-18.6467121001333,16.47388709615916
660.4309203624725,1713393941.4574773,1713393941457477319,40.485658566666665,-80.33251170833333,-17.582842883421108,16.377957552671432
661.4299104213715,1713393942.4564674,1713393942456467488,40.48565937833333,-80.332499165,-16.500787355354987,16.417594404891133
662.4333212375641,1713393943.4598782,1713393943459878250,40.48566185166667,-80.33248739666666,-15.50275562168099,16.67768499068916
663.4305920600891,1713393944.457149,1713393944457149039,40.48566243166667,-80.33247544666666,-14.496146159130149,16.849589943885803
664.432459115982,1713393945.459016,1713393945459016146,40.485659415,-80.33246291666667,-13.434194897767156,16.577700208872557
665.4296345710754,1713393946.4561915,1713393946456191599,40.48565837333334,-80.33244971166667,-12.339720366639085,16.376176147721708
666.4310255050659,1713393947.4575825,1713393947457582390,40.48565934,-80.33243757666666,-11.271734727662988,16.483051636256278
667.4246780872345,1713393948.451235,1713393948451235098,40.48566071166667,-80.332425435,-10.243081098655239,16.63532765582204
668.4244458675385,1713393949.4510028,1713393949451002843,40.485661906666664,-80.33241260833333,-9.202527228859253,16.801754745654762
669.4239916801453,1713393950.4505486,1713393950450548681,40.485665211666664,-80.33240063833334,-8.135408352711238,17.079205059446394
670.4269020557404,1713393951.453459,1713393951453459044,40.48567118166667,-80.33239097666667,-7.323011762578972,17.752133903093636
671.6324088573456,1713393952.6589658,1713393952658965779,40.48567763,-80.332379875,-6.37589359015692,18.4680797746405
672.6315302848816,1713393953.6580873,1713393953658087280,40.48568277166667,-80.33236990666667,-5.5335423707729205,19.046694385819137
673.6315431594849,1713393954.6581001,1713393954658100144,40.48568831,-80.33235982166667,-4.6908390133176,19.653433557599783
674.6324648857117,1713393955.6590219,1713393955659021964,40.485694628333334,-80.33235057,-3.8904566526180133,20.32719694916159
675.6326048374176,1713393956.6591618,1713393956659161867,40.48570169333333,-80.33234188833333,-3.1516494340030476,21.092260433360934
676.6252701282501,1713393957.651827,1713393957651827128,40.48570875,-80.33233411333333,-2.5069825489772484,21.902494658716023
677.6311058998108,1713393958.6576629,1713393958657662792,40.485714185,-80.33232378,-1.6741804198827595,22.548196773044765
678.6302380561829,1713393959.656795,1713393959656794959,40.48571807166667,-80.33231236333333,-0.7268352690152824,23.02862500399351
679.63037276268,1713393960.6569297,1713393960656929672,40.48572358166667,-80.33230234166666,0.14949308522045612,23.59732170496136
680.6313362121582,1713393961.6578932,1713393961657893184,40.485729576666664,-80.33229324,0.915113372146152,24.272487712092698
681.6355090141296,1713393962.662066,1713393962662066001,40.48573304333333,-80.332282205,1.850678152171895,24.741541415452957
682.630033493042,1713393963.6565905,1713393963656590447,40.485736646666666,-80.33227099666667,2.7735921654384583,25.108928000554442
683.6296272277832,1713393964.6561842,1713393964656184232,40.48574249166667,-80.332260605,3.6395873002475128,25.699008307419717
684.037659406662,1713393965.0642164,1713393965064216421,40.485751875,-80.33227006333334,3.9918712307699025,25.98233702685684
685.0324859619141,1713393966.059043,1713393966059042980,40.4857584,-80.33226119,3.647344888187945,27.474070847034454
686.0311706066132,1713393967.0577276,1713393967057727496,40.485766555,-80.33225542,4.197366776876152,28.340018128044903
687.0306742191315,1713393968.0572312,1713393968057231178,40.485775865,-80.33225221333333,4.469542734907009,29.352982533164322
688.2318904399872,1713393969.2584474,1713393969258447362,40.48578216333333,-80.33224225,5.15520083787851,30.215700986795127
689.2308456897736,1713393970.2574027,1713393970257402544,40.48577676666667,-80.332230465,6.209814573288895,29.88658986520022
690.2326123714447,1713393971.2591693,1713393971259169283,40.48576725,-80.33222664166667,6.692567946156487,28.758710435591638
697.231724023819,1713393978.258281,1713393978258281004,40.485760076666665,-80.33221341833334,6.707325062830932,28.638009356334805
702.4322416782379,1713393983.4587986,1713393983458798763,40.48576866333333,-80.33221840333333,7.4300045690033585,28.733948972076178
705.430474281311,1713393986.4570312,1713393986457031160,40.48577622,-80.33222615333334,6.7860624545719475,29.564219566993415
708.2305517196655,1713393989.2571087,1713393989257108739,40.485783025,-80.33223491333334,6.045308565953746,30.326043270528316
711.0305798053741,1713393992.0571368,1713393992057136788,40.48578936166667,-80.332244365,5.244716847315431,30.98695279750973
713.4299581050873,1713393994.456515,1713393994456515110,40.485795005,-80.33225372666666,4.464948464999907,31.640249482356012
715.8315713405609,1713393996.8581283,1713393996858128279,40.485801476666666,-80.33226254,3.6734404334565625,32.33286493923515
718.6313564777374,1713393999.6579134,1713393999657913360,40.48580896166666,-80.33227047833333,2.9931462727254257,33.16952120605856
728.2322683334351,1713394009.2588253,1713394009258825295,40.48581708333333,-80.33227558833333,2.5103558594128117,34.11571893282235
730.0367641448975,1713394011.063321,1713394011063321132,40.48581090333333,-80.33229154833333,2.451505798031576,34.332292545586824
730.2359054088593,1713394011.2624624,1713394011262462420,40.485819205,-80.33227652333333,2.413427399028555,34.33153480907547
739.2323260307312,1713394020.258883,1713394020258882900,40.48583688666667,-80.33227558166666,2.3201158748706803,34.67042509932071
743.2354876995087,1713394024.2620447,1713394024262044657,40.485814063333336,-80.33228882833333,2.3527877423912287,36.62532270047814
743.4268369674683,1713394024.453394,1713394024453393998,40.48583966333333,-80.33227726833333,2.342381044070125,36.62644955434376
