Latitude,Longitude,Distance_km,Slope
40.4851087,-80.3326747,0.0,inf
40.4851088,-80.3326735,1.2041594577893873e-06,0.08333333432019824
40.4851087,-80.3326722,2.4999999936881068e-06,0.0
40.4851088,-80.3326708,3.901281836495342e-06,0.025641025968034133
40.4851088,-80.3326696,5.100980293616736e-06,0.01960784338311744
40.4851093,-80.3326685,6.2289646023429655e-06,0.09677419351141817
40.4851093,-80.3326671,7.62364742454919e-06,0.07894736837184607
40.4851094,-80.3326657,9.02718116846502e-06,0.0777777779707647
40.4851098,-80.3326646,1.0159724402817742e-05,0.10891089098462757
40.48511,-80.3326632,1.1573245006844529e-05,0.11304347835220588
40.4851103,-80.3326621,1.2701181053106532e-05,0.12698412728846628
40.4851107,-80.332661,1.3845215777195767e-05,0.14598540164535453
40.4851108,-80.3326597,1.51462866787995e-05,0.14000000017053027
40.4851112,-80.3326586,1.6292943254207197e-05,0.15527950319056683
40.4851113,-80.3326573,1.759318050162734e-05,0.14942528743142214
40.4851114,-80.3326561,1.8794946133817295e-05,0.14516129045813336
40.4851117,-80.3326548,2.0124860245987836e-05,0.15075376883524982
40.4851118,-80.3326537,2.1227576408175434e-05,0.14761904762549244
40.4851118,-80.3326524,2.2514439808747653e-05,0.13901345296052076
40.4851121,-80.3326511,2.3843657429826675e-05,0.1440677968398048
40.4851123,-80.3326499,2.5059928163679116e-05,0.14516129035030734
40.4851124,-80.3326487,2.6261949666501052e-05,0.1423076923013857
40.4851128,-80.3326474,2.7606158733230664e-05,0.15018315038049934
40.4851133,-80.3326464,2.8671414332984436e-05,0.16254416977188907
40.4851139,-80.3326453,2.985632261663256e-05,0.1768707484176942
40.4851144,-80.3326443,3.092975913306624e-05,0.1875000000876492
40.4851152,-80.3326435,3.186989174376826e-05,0.20833333352311506
40.485116,-80.3326426,3.291959902408669e-05,0.22741433022979127
40.4851166,-80.3326416,3.402969291273656e-05,0.23867069489128687
40.4851172,-80.3326407,3.5046397817155746e-05,0.25
40.485118,-80.3326397,3.621449985602384e-05,0.26571428579781076
40.4851184,-80.3326388,3.718736344534084e-05,0.27019498606084574
40.485119,-80.3326375,3.859961139129121e-05,0.27688172046194187
40.4851194,-80.3326365,3.967026593626355e-05,0.2801047122142568
40.4851198,-80.3326353,4.093372691764718e-05,0.28172588843197904
40.4851204,-80.3326343,4.206007608523414e-05,0.2896039604160652
40.4851208,-80.3326332,4.322800017977788e-05,0.29156626508045674
40.4851212,-80.3326321,4.439605838514662e-05,0.2934272301370015
40.4851216,-80.3326309,4.5660157687665165e-05,0.29452054797853927
40.4851219,-80.3326298,4.680010683103883e-05,0.2939866371370507
40.4851224,-80.3326286,4.8092618969340056e-05,0.2971800435200243
40.4851229,-80.3326276,4.919400370352171e-05,0.3014861996077212
40.4851234,-80.3326267,5.0200497998692834e-05,0.30625000007401487
40.485124,-80.3326257,5.133312770955647e-05,0.3122448979562243
40.4851243,-80.3326246,5.247256425711507e-05,0.31137724562872643
40.4851249,-80.3326238,5.3415821632401245e-05,0.3182711199009711
40.4851253,-80.3326228,5.449009084535948e-05,0.3198458574436992
40.4851257,-80.3326219,5.54692707642603e-05,0.32196969701455447
40.4851261,-80.3326208,5.663894419816528e-05,0.32282003720211405
40.4851264,-80.3326198,5.768275305042109e-05,0.32240437162854835
40.4851267,-80.3326187,5.8821764681411966e-05,0.3214285715010758
40.4851271,-80.3326176,5.999141604583655e-05,0.32224168133722136
40.4851274,-80.3326167,6.094005250817198e-05,0.3224137932200415
40.4851276,-80.3326154,6.223905526651632e-05,0.3187183811028818
40.485128,-80.3326144,6.331334772662411e-05,0.3200663350726095
40.4851282,-80.3326133,6.442212352237546e-05,0.3175895765928422
40.4851285,-80.3326123,6.546602172665838e-05,0.3173076923492983
40.4851285,-80.3326112,6.651533657473664e-05,0.3118110237048683
40.4851287,-80.3326099,6.781622225175165e-05,0.3086419752775063
40.4851289,-80.3326089,6.883080705809722e-05,0.3069908814757059
40.4851291,-80.3326077,7.003684744720887e-05,0.30447761199253265
40.4851294,-80.3326065,7.1272224605204e-05,0.30351906158296665
40.4851295,-80.3326053,7.244998274810102e-05,0.2997118155790728
40.4851296,-80.3326043,7.343684361337835e-05,0.2968750000441566
40.4851297,-80.3326032,7.452013151333126e-05,0.2937062937424307
40.4851298,-80.3326019,7.579610807906653e-05,0.2898351649113159
40.4851299,-80.3326006,7.707301731974838e-05,0.2860998650654797
40.48513,-80.3325995,7.815836487329336e-05,0.28324468086262344
40.4851302,-80.3325983,7.936756264200963e-05,0.2814136126080511
40.4851305,-80.3325972,8.050770149782957e-05,0.2812903225553288
40.4851308,-80.3325961,8.16478413633516e-05,0.28117048351047524
40.4851309,-80.3325951,8.263776375807317e-05,0.27889447243447635
40.4851314,-80.332594,8.383185551920237e-05,0.28128872370412855
40.4851319,-80.3325932,8.473777197295545e-05,0.2846625767245572
40.4851321,-80.332592,8.594678585615079e-05,0.2829504232821043
40.4851324,-80.3325908,8.718314056505544e-05,0.28247914185792733
40.4851325,-80.3325897,8.826913390196693e-05,0.28000000001671865
40.4851321,-80.3325885,8.931965069278167e-05,0.27146171698249044
40.4851323,-80.3325872,9.062676204400582e-05,0.26971428572310224
40.4851323,-80.332586,9.17858921541267e-05,0.26606538896046283
40.4851323,-80.3325847,9.30427858566364e-05,0.26222222220713415
40.4851323,-80.3325834,9.430084834637476e-05,0.2584884994548269
40.4851323,-80.3325822,9.546313423933309e-05,0.25513513513787556
40.4851323,-80.332581,9.662634215754513e-05,0.25186766275646294
40.4851324,-80.3325799,9.771760332651532e-05,0.25
40.4851324,-80.3325788,9.878512034198055e-05,0.2471324295993476
40.4851326,-80.3325778,9.980390774219328e-05,0.24664602684767672
40.4851328,-80.3325767,0.00010091981965438232,0.24591836740775366
40.4851332,-80.3325757,0.00010198651870931749,0.2474747475167957
40.4851332,-80.3325746,0.00010305464569624489,0.244755244782546
40.4851334,-80.3325734,0.00010426782821009837,0.24383020735551217
40.4851337,-80.3325723,0.00010540758986261162,0.2441406250010842
40.4851339,-80.3325713,0.00010642650046039493,0.2437137331050756
40.4851339,-80.33257,0.00010768997167315579,0.24068767912645792
40.4851343,-80.332569,0.00010875591937130603,0.2421948912273343
40.4851345,-80.3325679,0.0001098721074687696,0.24157303374225159
40.4851349,-80.3325668,0.00011103535473325228,0.2428174235389114
40.4851351,-80.3325656,0.00011224869710081163,0.24197983503422438
40.4851353,-80.3325644,0.00011346210821644957,0.24116047148339845
40.4851355,-80.3325632,0.00011467558589618363,0.2403587443937044
40.4851356,-80.3325619,0.00011596314069272768,0.2384751773274136
40.4851361,-80.3325609,0.00011705212513522521,0.24077328648405644
40.4851363,-80.3325596,0.00011836287424968896,0.23979148568443037
40.4851365,-80.3325586,0.00011938195006028668,0.23944875112162306
40.4851367,-80.3325573,0.00012069283325240496,0.23850085180504713
40.4851371,-80.3325562,0.00012185569334301494,0.23966244730140626
40.4851373,-80.3325549,0.0001231665538949873,0.23873121871377134
40.4851376,-80.3325537,0.000124403416345805,0.23884297525174542
40.4851379,-80.3325524,0.00012573754411574666,0.2387571545374512
40.4851383,-80.3325514,0.00012680319396575008,0.2400648824428994
40.485139,-80.3325502,0.0001281340704087194,0.2433734939697151
40.4851391,-80.332549,0.00012932381837668677,0.24184566428353946
40.4851394,-80.3325477,0.000130657912114732,0.24173228350729906
40.4851395,-80.3325465,0.00013184794271503222,0.2402496100361059
40.4851399,-80.3325454,0.00013301101457964748,0.24129930396611826
40.4851401,-80.3325443,0.000134127253014251,0.24079754604118614
40.4851402,-80.3325429,0.0001355119551833185,0.2389984825547982
40.4851405,-80.3325416,0.00013684608141981169,0.23891810670394828
40.4851407,-80.3325405,0.000137962458667747,0.23845007453995162
40.485141,-80.3325394,0.00013910204886751824,0.23872875093629353
40.4851411,-80.3325381,0.00014038988568062076,0.23718887262756874
40.4851413,-80.3325369,0.00014160367227417014,0.23657474603273124
40.4851417,-80.3325358,0.00014276627752740826,0.23758099354128973
40.4851422,-80.3325348,0.00014385499643125368,0.2394567548408487
40.4851423,-80.3325332,0.0001454345557271853,0.23745583040512336
40.485142,-80.3325318,0.00014672866114161614,0.2330300910106007
40.4851428,-80.3325309,0.00014778785471435048,0.23713490959487524
40.4851432,-80.3325298,0.00014895052869643897,0.2380952381396047
40.4851435,-80.3325284,0.0001503819470525523,0.23786739577796767
40.4851438,-80.3325273,0.00015152151662801107,0.23812754412791146
40.4851441,-80.3325261,0.00015275837129582258,0.23822341857940066
40.4851444,-80.3325251,0.00015380068270477184,0.23863636366982685
40.4851447,-80.3325239,0.00015503754384065154,0.238726790460552
40.4851451,-80.3325227,0.00015629766472954556,0.2394736842043755
40.4851454,-80.3325215,0.00015753453589644574,0.23955613578730964
40.4851456,-80.3325201,0.0001589426626206634,0.23868046574669952
40.4851459,-80.3325188,0.00016027679182831336,0.238614496486861
40.4851464,-80.3325175,0.00016165744647622635,0.23982188294596082
40.4851466,-80.3325162,0.00016296827912038516,0.23911671926125813
40.4851469,-80.3325149,0.0001643024041127303,0.23904881101860878
40.4851474,-80.3325135,0.0001657803667457142,0.24007444172524353
40.4851477,-80.3325123,0.00016701724461261357,0.24014778326696523
40.4851479,-80.332511,0.00016832804282354157,0.23946243129475597
40.4851483,-80.3325095,0.00016987995761527574,0.23970944310791747
40.4851487,-80.3325085,0.00017094572237672128,0.24067388692365888
40.485149,-80.3325073,0.00017218260655054078,0.24074074075960555
40.4851494,-80.3325061,0.0001734429300901803,0.24139976275667524
40.4851497,-80.3325049,0.00017467982138323425,0.24146054183938082
40.4851501,-80.3325037,0.00017594021711423208,0.24210526316926692
40.4851505,-80.3325025,0.00017720067719542397,0.24274099887728248
40.4851509,-80.3325012,0.000178558365811035,0.24322766571915228
40.4851511,-80.3324998,0.00017996602457704528,0.24242424244763294
40.4851515,-80.3324985,0.00018132368846820757,0.2429057888941284
40.485152,-80.3324972,0.0001827050628675381,0.24394366199086526
40.4851524,-80.3324962,0.00018377143412776786,0.24481792716018644
40.4851527,-80.332495,0.00018500835116725642,0.24485253200692758
40.485153,-80.3324939,0.00018614813992693657,0.2450221238944574
40.4851535,-80.3324928,0.00018733566131642538,0.2462891698985748
40.4851537,-80.3324916,0.00018854869397683292,0.2457673402502963
40.4851539,-80.3324904,0.00018976177170471913,0.2452523060347964
40.4851544,-80.3324891,0.00019114353245174083,0.24622844828910453
40.4851547,-80.3324879,0.00019238045638362045,0.24625267669170206
40.4851547,-80.3324867,0.00019354586019413165,0.2446808510959956
40.4851549,-80.3324857,0.00019456474499991483,0.24444444445446975
40.4851551,-80.3324845,0.00019577793541920824,0.24395373293519304
40.4851554,-80.3324835,0.00019682055279143166,0.2442468619132965
40.4851556,-80.3324825,0.0001978394551154533,0.24401664932766048
40.4851559,-80.3324815,0.0001988820756119991,0.24430641824481766
40.4851562,-80.3324804,0.00020002184881064348,0.2444673185789704
40.4851566,-80.3324793,0.0002011854119929633,0.24513817813019434
40.485157,-80.3324783,0.0002022519468325269,0.2459266802690093
40.4851574,-80.3324772,0.00020341568277684136,0.2465822784860221
40.4851577,-80.3324761,0.00020455551814163646,0.24672708964288456
40.4851583,-80.3324749,0.00020586451856044772,0.24824824826337752
40.4851587,-80.3324738,0.00020702852460106723,0.24888003983422122
40.485159,-80.3324726,0.00020826545560597082,0.24888668978845904
40.4851592,-80.3324715,0.00020938120737212787,0.24852362204748502
40.4851594,-80.3324703,0.00021059404075323183,0.2480430528494783
40.4851597,-80.3324691,0.00021183097035215164,0.24805447470272507
40.48516,-80.332468,0.0002129708430682416,0.24818577650936627
40.4851603,-80.3324666,0.00021440188897885572,0.24795771263984473
40.4851606,-80.3324657,0.00021534764916172552,0.24832535886608686
40.4851609,-80.3324644,0.0002166816328084284,0.248216833100012
40.4851614,-80.3324633,0.00021786980056803326,0.2492904446799949
40.4851618,-80.3324622,0.0002190339243170764,0.2498823529481629
40.4851621,-80.3324611,0.00022017384040287042,0.25
40.4851623,-80.33246,0.00022128951624615325,0.2496506753651615
40.4851627,-80.3324587,0.00022264770377785438,0.25
40.485163,-80.3324575,0.00022388463546620802,0.25000000001635686
40.4851633,-80.3324563,0.00022512156715456168,0.25000000003253403
40.4851638,-80.3324552,0.00022631009699194547,0.2510250569676797
40.485164,-80.3324538,0.00022771670997300133,0.25033952014078475
40.4851644,-80.3324527,0.0002288809515833424,0.2509009009274576
40.4851649,-80.3324517,0.00022997269403726654,0.2520179372273323
40.4851653,-80.3324506,0.00023113712380036424,0.2525658188371185
40.4851658,-80.3324494,0.00023242310556067687,0.2534398579679808
40.4851662,-80.3324482,0.00023368461652174255,0.2538631346795121
40.4851665,-80.332447,0.00023492154009031733,0.2538427755878675
40.4851668,-80.3324459,0.0002360615385899133,0.2539335664484425
40.4851673,-80.3324448,0.00023725085879171693,0.2548934319456112
40.4851679,-80.3324435,0.00023865891980213535,0.25605536333105106
40.4851683,-80.3324424,0.00023982378947241036,0.2565647869215586
40.4851687,-80.3324413,0.00024098871342894277,0.25706940876211615
40.4851691,-80.3324402,0.00024215369087119367,0.25756929638024123
40.4851694,-80.3324391,0.00024329375248478854,0.2576400679106395
40.4851698,-80.332438,0.0002444587899859881,0.25813265738461694
40.4851702,-80.3324369,0.0002456238791263942,0.25862068966650614
40.4851707,-80.332436,0.00024662053847674455,0.25974025974257925
40.485171,-80.3324348,0.0002478574186884449,0.2596915381580161
40.4851712,-80.3324336,0.00024906918717315185,0.25922853590415773
40.4851715,-80.3324325,0.00025020927241296116,0.2592898431106619
40.4851717,-80.3324314,0.0002513242725993783,0.2589395807888673
40.485172,-80.3324303,0.0002524643539194206,0.25900163666466086
40.4851722,-80.3324292,0.000253579376125292,0.25865580450252085
40.4851725,-80.3324279,0.00025491308322564296,0.2585089140991797
40.4851725,-80.3324268,0.000255978221734687,0.2573618394441191
40.4851728,-80.3324256,0.00025721512397761624,0.25732637495685023
40.4851729,-80.3324245,0.0002583054006379807,0.25659472424098634
40.4851733,-80.3324233,0.0002595671781992749,0.2569610183083265
40.4851737,-80.3324223,0.0002606353007494139,0.25752773375964594
40.4851741,-80.3324212,0.00026180032467559963,0.2579881656967602
40.4851744,-80.33242,0.00026303722170005137,0.25795053003760293
40.4851748,-80.3324189,0.0002642022899280776,0.25840500392402893
40.4851752,-80.3324179,0.00026527059769532326,0.25895638630057105
40.4851756,-80.3324168,0.00026643577086598544,0.259402869335981
40.485176,-80.3324156,0.0002676977773487665,0.2597452721207051
40.4851764,-80.3324145,0.00026886303204442754,0.2601844734917391
40.4851768,-80.3324133,0.00027012510064726447,0.26052027544058354
40.4851771,-80.3324123,0.0002711684347390901,0.26067073172382843
40.4851776,-80.3324113,0.00027226231835739123,0.26157934701493335
40.485178,-80.3324102,0.0002734277601123107,0.26200378071757474
40.4851783,-80.3324092,0.00027447114602300693,0.26214689267030583
40.4851787,-80.3324081,0.0002756366448821806,0.2625656414104526
40.4851791,-80.3324071,0.00027670547519198036,0.26307922274052165
40.4851795,-80.3324061,0.0002777743688671171,0.26358897990915
40.4851798,-80.3324051,0.00027881780789191076,0.2637240356107721
40.4851803,-80.332404,0.00028000901771476944,0.2644994458994821
40.4851807,-80.3324029,0.0002811747499272435,0.2649006622693145
40.4851813,-80.3324015,0.00028268179990546436,0.26573938508104133
40.4851818,-80.3324005,0.0002837767608459458,0.2665937272193848
40.4851822,-80.3323994,0.00028494269599168616,0.26698147475333167
40.4851828,-80.3323984,0.00028606380406754933,0.2681867535294153
40.4851833,-80.3323973,0.0002872558441557783,0.26892573902118744
40.4851837,-80.3323963,0.0002883254411249302,0.26939655173392885
40.4851842,-80.3323953,0.0002894211637014212,0.2702219040878539
40.4851846,-80.3323943,0.0002904909120721234,0.27068473609272603
40.4851851,-80.3323931,0.00029177991705610227,0.27130681820418323
40.4851856,-80.332392,0.00029297252430955634,0.27201980899708544
40.4851861,-80.3323909,0.00029416525968132954,0.2727272727295488
40.4851865,-80.3323898,0.0002953317625962333,0.2730782730801114
40.4851868,-80.3323888,0.00029637547131518077,0.27317243793186274
40.4851871,-80.3323876,0.0002976121133230499,0.2730755834244884
40.4851874,-80.3323864,0.0002988487577304638,0.2729795352227787
40.4851877,-80.3323852,0.0003000854045040372,0.27288428325104697
40.4851881,-80.3323841,0.00030125192115639936,0.2732278045570674
40.4851884,-80.3323829,0.0003024885617667877,0.2731322823877155
40.4851887,-80.3323817,0.0003037252047496053,0.2730375426767657
40.4851891,-80.3323806,0.00030489173488827475,0.27337640258514084
40.4851895,-80.3323795,0.0003060582950972015,0.27371273712795835
40.4851899,-80.3323784,0.00030722488506298366,0.27404657442886715
40.4851902,-80.3323772,0.0003084615048936786,0.27394957983100954
40.4851905,-80.3323761,0.00030960167957683616,0.2739450770447059
40.485191,-80.3323751,0.0003106983263610917,0.2746995994695643
40.4851914,-80.3323739,0.0003119614239021922,0.27493351063397875
40.4851918,-80.3323727,0.00031322453608196015,0.2751655629252505
40.4851923,-80.3323716,0.0003144178271002366,0.2758165622055227
40.4851927,-80.3323705,0.0003155846003871525,0.2761341222895348
40.4851931,-80.3323693,0.0003168477868014861,0.2763588736021508
40.4851934,-80.332368,0.0003181807347999586,0.2761656341809403
40.4851937,-80.3323668,0.0003194172975878318,0.27606365705375635
40.485194,-80.3323656,0.00032065386321947936,0.2759624717026959
40.4851943,-80.3323644,0.00032189043166588665,0.2758620689876262
40.4851946,-80.3323632,0.00032312700289098046,0.27576243981801624
40.4851948,-80.332362,0.0003243370160767685,0.27534377999903703
40.4851951,-80.3323607,0.00032567001704490354,0.27515923566838624
40.4851954,-80.3323595,0.0003269066074623227,0.27506345178753483
40.4851956,-80.3323583,0.00032811670180224944,0.27465233880757095
40.485196,-80.3323572,0.00032928337339901444,0.27496062993926196
40.4851963,-80.3323561,0.00033042354637655174,0.27495291902239566
40.4851965,-80.3323549,0.000331633653298859,0.2745465916289054
40.4851969,-80.3323539,0.00033270389237022893,0.27493765586404983
40.4851973,-80.3323529,0.00033377417515065343,0.27532628964126116
40.4851976,-80.3323518,0.00033491434725995746,0.27531743574287804
40.4851979,-80.3323507,0.00033605451937997747,0.2753086419975639
40.4851982,-80.3323496,0.0003371946915341149,0.2752999077269402
40.4851984,-80.3323484,0.00033840475764840977,0.27490039841990843
40.4851986,-80.3323472,0.0003396148701074416,0.2745038167929723
40.4851989,-80.332346,0.0003408514779175773,0.2744143596083221
40.485199,-80.3323448,0.000342035232101428,0.2737193088950393
40.4851991,-80.3323435,0.0003433155982536162,0.2729468599137457
40.4851992,-80.3323423,0.00034449965167333965,0.272262334529333
40.4851994,-80.3323412,0.0003456135703323045,0.27196401799757186
40.4851995,-80.3323401,0.00034670131237405895,0.27136879857082047
40.4851998,-80.3323389,0.0003479379973517116,0.27129243596857644
40.4851999,-80.3323378,0.0003490258586346226,0.2707034728456763
40.4852002,-80.3323366,0.0003502625586558386,0.2706299911424562
40.4852006,-80.3323354,0.0003515253902573006,0.27085175361887925
40.4852008,-80.3323343,0.0003526394334158866,0.27056404231394077
40.4852011,-80.3323332,0.0003537796065393519,0.27057101024453956
40.4852014,-80.332332,0.00035501630948967845,0.2704989787046021
40.4852017,-80.3323309,0.0003561564824584767,0.2705061082046435
40.4852021,-80.3323299,0.0003572262588280978,0.2708816705513813
40.4852024,-80.3323288,0.0003583664325792947,0.2708875397541466
40.4852027,-80.3323276,0.00035960312846266743,0.27081532700811256
40.4852031,-80.3323265,0.0003607694554749388,0.2711085583013397
40.4852034,-80.3323253,0.0003620061463625022,0.27103606183195045
40.4852037,-80.3323242,0.00036314632036911406,0.27104136948010643
40.4852041,-80.3323229,0.00036450569268921495,0.2711768049975951
40.4852044,-80.3323217,0.00036574238201689556,0.27110481586886953
40.4852048,-80.3323206,0.00036690873524208194,0.2713922620773092
40.4852051,-80.3323195,0.00036804890979555275,0.2713963964063083
40.4852054,-80.3323184,0.0003691890843388714,0.27140050519847764
40.4852058,-80.3323174,0.00037025896343534874,0.2717604254232263
40.4852061,-80.3323163,0.00037139913839084963,0.27176339286389145
40.4852063,-80.3323152,0.00037251310044352447,0.2714881780339193
40.4852066,-80.3323142,0.00037355676944679793,0.2715672676845489
40.485207,-80.3323131,0.00037472316448893786,0.2718473451421227
40.4852073,-80.332312,0.0003758633395235158,0.2718500137912662
40.4852076,-80.3323109,0.0003770035145759779,0.27185266631125654
40.485208,-80.3323099,0.0003780734452461892,0.2722039473747
40.4852084,-80.3323088,0.00037923989768172823,0.2724788193554666
40.4852086,-80.3323078,0.00038025730762560316,0.272281275555516
40.485209,-80.3323067,0.0003814237669521469,0.27255434782932947
40.4852094,-80.3323056,0.00038259025079207014,0.2728257924798174
40.4852097,-80.3323046,0.0003836339531357287,0.27289921643174814
40.4852101,-80.3323035,0.00038480046778006726,0.27316810346038384
40.4852104,-80.3323025,0.00038584417839479887,0.27324019344864187
40.4852107,-80.3323014,0.0003869843536831413,0.27323868204501034
40.4852111,-80.3323003,0.0003881508984909783,0.2735042735133571
40.4852115,-80.3322993,0.00038922101690036905,0.2738412360193443
40.4852119,-80.3322982,0.00039038761507281783,0.27410358567001725
40.4852122,-80.3322971,0.0003915277895566467,0.27409957628040577
40.4852126,-80.332296,0.0003926944104503516,0.2743596514377466
40.485213,-80.3322949,0.00039386105418572206,0.27461822012261855
40.4852134,-80.3322938,0.000395027720542934,0.27487529535958055
40.4852139,-80.3322927,0.00039622094846369,0.2753926701560747
40.4852144,-80.3322915,0.0003975106665248873,0.2758350730647418
40.4852148,-80.3322903,0.0003987738331459464,0.276014568166324
40.4852152,-80.332289,0.00040013340275047734,0.2761213378335361
40.4852155,-80.3322878,0.00040136996648636907,0.27604032051163635
40.4852159,-80.3322866,0.0004026331456755571,0.27621746973350625
40.4852163,-80.3322854,0.0004038963357049863,0.2763935268461225
40.4852166,-80.3322842,0.00040513289177319646,0.27631241998656264
40.4852169,-80.3322829,0.0004064658411257435,0.2761613067864194
40.4852171,-80.3322815,0.0004078686062989683,0.27568667345031794
40.4852174,-80.3322803,0.00040910518208022,0.275608519280484
40.4852175,-80.332279,0.0004103850996305355,0.27495577457663145
40.4852178,-80.3322777,0.0004117181195850661,0.27481108313642755
40.4852178,-80.3322765,0.0004128753443770835,0.2739829231672698
40.485218,-80.3322752,0.00041418201313124205,0.27359199000082257
40.4852181,-80.332274,0.0004153659230124698,0.273022211129132
40.4852183,-80.3322727,0.0004166727252839925,0.2726368159289806
40.4852185,-80.3322714,0.00041797958084410113,0.2722539052903138
40.4852188,-80.3322702,0.0004192162449162409,0.27218788627944407
40.4852191,-80.3322689,0.0004205494025646482,0.27205519961854946
40.4852194,-80.3322678,0.00042168957777179833,0.27205701646606945
40.4852197,-80.3322666,0.0004229262465276738,0.2719921587934344
40.48522,-80.3322655,0.00042406642167738996,0.2719941349029875
40.4852203,-80.3322643,0.0004253030919178435,0.2719298245756795
40.4852206,-80.3322633,0.00042634677201038485,0.27199805541828187
40.485221,-80.3322623,0.00042741671703695863,0.27230843842008184
40.4852214,-80.3322613,0.00042848669757651034,0.27261731979365866
40.4852217,-80.3322602,0.0004296268730002542,0.27261761157426184
40.485222,-80.3322591,0.0004307670484121879,0.27261790183672796
40.4852224,-80.332258,0.0004319335365562408,0.27285817134472096
40.4852228,-80.3322569,0.0004331000461740715,0.27309717569729514
40.4852232,-80.3322558,0.0004342665771162147,0.27333492480861515
40.4852236,-80.3322548,0.00043533667430800666,0.27363658013953057
40.4852239,-80.3322537,0.0004364768493324677,0.27363420428152374
40.4852243,-80.3322527,0.00043754698033527,0.2739336492909509
40.4852247,-80.3322517,0.0004386171451271178,0.2742316785015318
40.4852252,-80.3322507,0.00043971382738893855,0.27476415095655765
40.4852257,-80.3322497,0.0004408106169258889,0.27529411765886025
40.4852262,-80.3322487,0.00044190751295291556,0.2758215962453844
40.4852268,-80.3322479,0.0004428384016772577,0.2767104030032365
40.4852273,-80.3322472,0.00044364649215415745,0.27742690058531244
40.485228,-80.3322466,0.0004444120835382211,0.2786732072022921
40.4852288,-80.3322458,0.00044539782218072546,0.2800186523733635
40.4852296,-80.3322453,0.00044609547184552563,0.2815556590554837
40.4852304,-80.3322447,0.0004468902437908407,0.2830232558202404
40.4852312,-80.3322443,0.00044749347481277057,0.2846189591162299
40.4852321,-80.3322439,0.0004481252057217145,0.28644382543777797
40.4852425,-80.3322475,0.0004476631322811548,0.31320224718881534
40.4852434,-80.3322476,0.0004478375821630271,0.3153828143410773
40.4852445,-80.3322476,0.0004481696665296148,0.3179583235863456
40.4852455,-80.3322476,0.00044847368930248327,0.3202996956244739
40.4852465,-80.3322478,0.0004485894002268095,0.3227922230184067
40.4852476,-80.332248,0.0004487383424597121,0.32552144365122976
40.4852486,-80.3322483,0.00044876382429499,0.32809568480838713
40.4852497,-80.3322484,0.0004490130176292736,0.33075299084914367
40.4852507,-80.3322484,0.0004493280427503338,0.33309875675244793
40.4852517,-80.3322483,0.00044973988037094146,0.33536585366564914
40.4852526,-80.3322481,0.00045021635909754014,0.33731833100249964
40.4852535,-80.3322479,0.0004506942200649772,0.3392689784470135
40.4852544,-80.3322476,0.000451268102127659,0.34113790682703365
40.4852553,-80.3322474,0.00045174865799338046,0.34308448397224106
40.4852562,-80.3322471,0.00045232511537250376,0.3449485500607938
40.485257,-80.3322469,0.0004527755845861292,0.3466573165038153
40.4852578,-80.3322467,0.00045322710642676535,0.3483644859854355
40.4852586,-80.3322465,0.00045367967774924075,0.35007006072674596
40.4852594,-80.3322463,0.0004541332954135811,0.35177404294469067
40.4852603,-80.3322462,0.00045452701789788525,0.35379229872347645
40.4852611,-80.3322461,0.0004548886896755542,0.3555762949308618
40.485262,-80.3322459,0.0004553793253932592,0.35750932836486343
40.4852628,-80.3322457,0.00045583748200243027,0.3592074592174046
40.4852636,-80.3322456,0.00045620260850428744,0.36098811466681124
40.4852644,-80.3322454,0.00045666287345745343,0.3626834381620413
40.4852654,-80.3322453,0.0004570987311325193,0.3649278062518411
40.4852663,-80.3322451,0.0004575958041807344,0.3668528864059282
40.4852671,-80.3322446,0.000458341106604507,0.36828644501904095
40.485268,-80.3322443,0.00045893425454979604,0.370120817844618
40.4852689,-80.332244,0.00045952859540747724,0.3719526352567361
40.4852697,-80.3322437,0.00046008912179575724,0.37354988401083894
40.4852705,-80.3322433,0.0004607441806439376,0.375057950862468
40.4852714,-80.3322429,0.0004614352934078614,0.3767948124217821
40.4852723,-80.3322425,0.0004621274715843626,0.3785284590551593
40.4852731,-80.3322419,0.0004629721373903116,0.379852125700626
40.4852739,-80.3322414,0.0004637239804014926,0.38126009694428237
40.4852748,-80.3322411,0.00046432550004825576,0.3830719557279699
40.4852756,-80.3322405,0.0004651722799156192,0.3843850760092219
40.4852765,-80.33224,0.00046596236972481516,0.38601334253507413
40.4852774,-80.3322394,0.0004668466343398527,0.3875488169221215
40.4852782,-80.3322388,0.0004676954778499761,0.38885065383282036
40.485279,-80.3322382,0.00046854491779698624,0.39014891180681327
40.4852798,-80.3322376,0.00046939495097441503,0.39144360558952845
40.4852805,-80.3322371,0.00047011594314545557,0.39259597807302166
40.4852813,-80.3322365,0.00047096709014963204,0.39388407119382285
40.4852822,-80.3322359,0.0004718555817184766,0.39539653601500524
40.4852829,-80.3322353,0.00047267113303587623,0.39644970414583924
40.4852836,-80.3322346,0.0004735800037947594,0.3974096796363836
40.4852844,-80.3322339,0.00047452621633949695,0.39859346643078936
40.485285,-80.3322331,0.000475491587729679,0.3992300724612103
40.4852858,-80.3322323,0.00047653139455673487,0.4003164557031149
40.4852866,-80.3322316,0.000477478816283965,0.4014895057659067
40.4852873,-80.3322308,0.00047848215222305514,0.4023428700335791
40.485288,-80.33223,0.00047948574535866653,0.4031931639264929
40.4852886,-80.3322293,0.0004803594175230487,0.40390660080283236
40.4852894,-80.3322285,0.0004814010074766766,0.40497534738186886
40.4852901,-80.3322277,0.0004824053896834102,0.4058165548206682
40.4852908,-80.3322269,0.00048341002265608966,0.4066547565924893
40.4852915,-80.3322261,0.000484414904808267,0.40748996880332117
40.4852922,-80.3322253,0.00048542003460552696,0.4083222074059438
40.4852929,-80.3322246,0.00048633285925914573,0.4092423905837958
40.4852936,-80.3322238,0.0004873385065885883,0.4100687513839254
40.4852943,-80.332223,0.0004883443969167762,0.4108921850831993
40.4852951,-80.3322225,0.0004891112347919505,0.4122069880690975
40.4852959,-80.3322219,0.0004899711011929582,0.4134275618310237
40.4852968,-80.3322214,0.0004907774444739518,0.4149569821332798
40.4852978,-80.332221,0.000491530772174828,0.41679523915022876
40.4852987,-80.3322206,0.000492246696281773,0.4184100418496462
40.4852997,-80.3322205,0.0004927257249159713,0.4205195949007011
40.4853007,-80.3322203,0.0004932984492149265,0.4225352112841235
40.4853017,-80.3322201,0.0004938726151539596,0.4245490541223013
40.4853027,-80.3322199,0.000494448217713607,0.4265611257706271
40.4853037,-80.3322197,0.0004950252518852717,0.4285714285803522
40.4853047,-80.3322197,0.0004954200238212996,0.43076923077259427
40.4853058,-80.3322195,0.0004960397665557639,0.4329964850596597
40.4853067,-80.3322194,0.0004964897682738739,0.4348781023613929
40.4853077,-80.3322194,0.0004968894142559784,0.4370744564081271
40.4853087,-80.3322194,0.0004972907499628798,0.4392708104548612
40.4853096,-80.3322195,0.0004975619057016109,0.44134446397384197
40.4853105,-80.3322196,0.0004978345608697747,0.4434190287867693
40.4853115,-80.3322196,0.000498240755055483,0.44561634806734196
40.4853124,-80.3322196,0.0004986077616691903,0.4475939354026832
40.4853133,-80.3322198,0.000498793714872222,0.4497691800532695
40.4853143,-80.3322201,0.000498931378045395,0.4522657281172337
40.4853154,-80.3322202,0.0004992946424738759,0.4547854785435517
40.4853164,-80.3322204,0.0004995275568003158,0.4571868809238056
40.4853176,-80.3322208,0.0004996643073089973,0.46023353162732955
40.4853187,-80.3322211,0.0004998529383741652,0.46296296296876466
40.4853198,-80.3322215,0.0004999534478293788,0.46579876435007145
40.4853208,-80.332222,0.0004999236941739835,0.4685222001333078
40.4853219,-80.3322224,0.0005000295291228165,0.4713685607081812
40.485323,-80.332223,0.0004999573781841085,0.4744299313782664
40.4853241,-80.3322235,0.0004999785995433108,0.4773936170248366
40.4853252,-80.3322242,0.0004998224684822983,0.4805771365166814
40.4853263,-80.3322249,0.0004996696908940774,0.48377056469526564
40.4853273,-80.3322256,0.0004994764959427227,0.48675128034967524
40.4853284,-80.3322263,0.0004993302013674647,0.48996431758300235
40.4853294,-80.3322273,0.0004988739820824793,0.4932945909710786
40.4853304,-80.3322279,0.0004987796407178188,0.49619516564128013
40.4853314,-80.3322287,0.0004985090671169692,0.49932735426815544
40.4853324,-80.3322295,0.0004982416381646957,0.5024707996375566
40.4853334,-80.3322302,0.0004980666019742132,0.5055118110320803
40.4853344,-80.3322308,0.0004979836342640008,0.5084478486253635
40.4853355,-80.3322315,0.0004978598999650672,0.5117328519946174
40.4853365,-80.3322322,0.0004976937713035731,0.5148022599077334
40.4853375,-80.332233,0.000497441785536294,0.5179986416213647
40.4853386,-80.3322336,0.0004974165457675019,0.5211970074791678
40.4853395,-80.3322344,0.0004971244612736451,0.5241880536165424
40.4853406,-80.3322349,0.000497193775098913,0.5272851296165543
40.4853417,-80.3322356,0.0004970893380425148,0.5306308358109559
40.4853428,-80.3322362,0.0004970765132263187,0.5338654503977427
40.4853439,-80.3322369,0.0004969787520605423,0.5372316126053608
40.485345,-80.3322376,0.0004968843929944151,0.540608556405757
40.485346,-80.3322384,0.0004966578097689424,0.5438918175562455
40.4853471,-80.3322393,0.0004963947219711973,0.5475424896653358
40.4853483,-80.33224,0.0004963589930683624,0.5511847250993553
40.4853496,-80.3322407,0.0004963756742623274,0.5550691244291915
40.4853508,-80.3322415,0.0004962606673951781,0.5588642659265239
40.4853522,-80.3322419,0.0004965965062306712,0.5626155268117772
40.4853534,-80.3322425,0.0004966637997623403,0.5661730680423974
40.4853547,-80.332243,0.0004968710999806241,0.5698401668015205
40.485356,-80.3322433,0.0004972557189209205,0.5732498841148774
40.4853573,-80.3322437,0.000497556991702964,0.5767981438601909
40.4853586,-80.3322441,0.0004978617980938188,0.58035299581797
40.4853599,-80.3322445,0.0004981701315792432,0.5839144583982414
40.4853612,-80.3322446,0.0004987406741015675,0.5870727737745397
40.4853626,-80.3322449,0.0004991925980974278,0.5907398790340577
40.4853638,-80.332245,0.0004997180204878328,0.5936700023391883
40.4853652,-80.3322453,0.0005001765788207594,0.5973451327388233
40.4853665,-80.3322457,0.0005005015884064012,0.6009324009366787
40.4853678,-80.3322462,0.0005007445057101715,0.6046674445789136
40.4853691,-80.3322467,0.0005009911775675494,0.6084112149586083
40.4853704,-80.3322473,0.0005011563129354408,0.6123069724088932
40.4853718,-80.3322478,0.0005014630793959514,0.6163035839985077
40.4853731,-80.3322486,0.0005014664196117207,0.6205116169909605
40.4853744,-80.3322492,0.0005016440371346516,0.6244418331497378
40.4853758,-80.3322497,0.0005019635544489075,0.6284705882508327
40.4853771,-80.3322502,0.0005022338200446007,0.6322732626780075
40.4853785,-80.3322505,0.0005027302258675307,0.6360207449474228
40.4853799,-80.3322508,0.0005032302157076799,0.6397735314919718
40.4853812,-80.332251,0.0005037637740049917,0.6431437337784444
40.4853826,-80.3322511,0.0005044384699901102,0.6466005665728082
40.485384,-80.332251,0.0005052838608169931,0.6497521831631659
40.4853854,-80.3322511,0.0005059642773995308,0.6532105760089788
40.4853868,-80.3322511,0.0005067312601425203,0.656515580735451
40.4853881,-80.3322514,0.0005071954751347803,0.660051972613997
40.4853895,-80.3322516,0.0005078013883325323,0.6636728905793458
40.4853908,-80.3322519,0.0005082718268761767,0.6672185430528128
40.4853921,-80.3322522,0.0005087453292165402,0.6707692307723355
40.4853934,-80.3322526,0.0005091389790580377,0.674484719273748
40.4853948,-80.332253,0.0005095920917808117,0.6784443917504169
40.4853962,-80.3322536,0.0005098837710663033,0.6827356922369157
40.4853975,-80.3322542,0.0005101232106103548,0.6868014268656699
40.4853989,-80.3322548,0.000510423402675436,0.6911169326125074
40.4854001,-80.3322554,0.0005106137973113404,0.6949678034791608
40.4854014,-80.332256,0.0005108649332254161,0.6990685455091402
40.4854027,-80.3322567,0.0005110381590440171,0.7033492823120227
40.485404,-80.3322572,0.0005113788615114486,0.707305389237194
40.4854052,-80.332258,0.0005114207074461314,0.7115430765608158
40.4854065,-80.3322587,0.0005116061375749905,0.7158653846265197
40.4854077,-80.3322594,0.0005117373252005434,0.7199614736460707
40.485409,-80.3322601,0.00051193090353958,0.7243125904483028
40.4854103,-80.3322606,0.000512290318081932,0.7283264911855382
40.4854117,-80.332261,0.0005127930284217234,0.7324147933418007
40.4854131,-80.3322614,0.0005132993765894558,0.7365110089538989
40.4854144,-80.3322617,0.0005138302151479296,0.7401937046233957
40.4854159,-80.3322618,0.0005146438088635295,0.7440058125485072
40.4854174,-80.3322618,0.0005155405900640753,0.7476386534381078
40.4854186,-80.3322619,0.000516180055791271,0.7507267442117656
40.4854199,-80.3322618,0.0005170414393447702,0.7536933882254278
40.4854212,-80.3322618,0.0005178249318064181,0.7568418503251594
40.4854224,-80.3322617,0.0005186296269933867,0.7595641646575751
40.4854238,-80.3322614,0.0005197161725455741,0.7624001935583191
40.4854252,-80.3322614,0.0005205661725532945,0.7657875635126666
40.4854266,-80.3322615,0.000521339284916078,0.769361084223563
40.4854279,-80.3322615,0.0005221330098714608,0.7725072604118265
40.4854292,-80.3322616,0.0005228497489747557,0.7758412006742962
40.4854306,-80.3322616,0.0005237090986457571,0.7792302106044334
40.4854319,-80.3322621,0.00052411544530383,0.7833252544853893
40.4854333,-80.3322623,0.000524822751032095,0.7870999030008236
40.4854346,-80.3322625,0.0005254708840645747,0.7906356137805968
40.4854359,-80.3322627,0.000526121506876807,0.7941747572893225
40.4854372,-80.3322628,0.0005268527877916757,0.7975236707925628
40.4854385,-80.3322628,0.0005276643345958798,0.8006797766458553
40.4854398,-80.3322627,0.0005285557775677782,0.8036407767140065
40.4854411,-80.3322624,0.000529604616669805,0.8062090710891608
40.4854425,-80.3322622,0.000530639887302681,0.8092121212199592
40.4854437,-80.3322619,0.0005316284792912264,0.8115310077664154
40.4854449,-80.3322613,0.0005328508234010371,0.8132559264637148
40.4854463,-80.3322609,0.0005340451291833693,0.8158530691117386
40.4854476,-80.3322603,0.0005353322052699512,0.8178088803216655
40.4854488,-80.3322599,0.000536401948172211,0.819913211189211
40.4854501,-80.3322592,0.0005377678030567794,0.821660649822816
40.4854514,-80.3322589,0.0005388255097916251,0.8241943242071221
40.4854528,-80.3322586,0.0005399481641748682,0.8269646719618967
40.4854541,-80.3322583,0.0005410084287638099,0.8294908741770506
40.4854554,-80.3322583,0.0005418393211960239,0.8326128722582388
40.4854567,-80.3322583,0.0005426720556605569,0.835734870339427
40.485458,-80.3322584,0.0005434300138936854,0.8390583713796889
40.4854594,-80.3322584,0.0005443309471286824,0.8424213307891469
40.4854607,-80.3322582,0.0005453221524930538,0.8451380552207167
40.4854621,-80.3322577,0.00054660823264942,0.8474820143948392
40.4854634,-80.3322576,0.0005475257984751677,0.8503955886086818
40.4854646,-80.3322572,0.0005486082937758416,0.8524550898311943
40.4854659,-80.3322566,0.0005499085833174524,0.854341066729297
40.4854671,-80.3322559,0.0005512204640568824,0.8557784145429
40.4854685,-80.3322553,0.0005525870067261007,0.8578922270069603
40.4854698,-80.3322548,0.0005538133440041337,0.8599666587322784
40.485471,-80.3322542,0.0005550509346022187,0.8615933412496067
40.4854723,-80.3322537,0.0005562786711734044,0.8636579572387705
40.4854735,-80.332253,0.0005575929787965613,0.8650699549357386
40.4854746,-80.3322524,0.0005587665881218684,0.8664456547676592
40.4854758,-80.3322521,0.0005597795726874866,0.8686701372724303
40.4854771,-80.3322517,0.0005609345416335455,0.870921985818319
40.4854783,-80.3322512,0.0005620999999968191,0.8727272727321536
40.4854796,-80.3322509,0.000563181365098399,0.8751769702836403
40.485481,-80.3322508,0.0005641794927172649,0.8782731776388566
40.4854823,-80.3322506,0.0005651882606755312,0.8809243103042447
40.4854837,-80.3322503,0.0005663394388562394,0.8836003770154355
40.485485,-80.3322504,0.0005671262469612772,0.8868724958910311
40.4854864,-80.3322501,0.0005682802565662574,0.8895430993860036
40.4854877,-80.3322498,0.0005693689577073033,0.8919745822628461
40.4854891,-80.3322498,0.0005703018236007519,0.8952694751838954
40.4854905,-80.3322497,0.0005713109836100868,0.8983529411906322
40.4854919,-80.3322498,0.0005721732692115368,0.9018592610092716
40.4854932,-80.3322498,0.0005730447277490445,0.9049188044335713
40.4854946,-80.3322501,0.000573762991143295,0.9088553933177288
40.485496,-80.3322505,0.0005744100712887161,0.9130127298491514
40.4854974,-80.3322509,0.0005750601098977554,0.9171779141303841
40.4854987,-80.3322513,0.0005756453422068748,0.921114785074826
40.4855,-80.3322519,0.0005760863910901849,0.925496688760976
40.4855013,-80.3322526,0.0005764574312117011,0.9301113480458237
40.4855025,-80.3322532,0.0005768367966809441,0.9342823250373709
40.4855038,-80.3322543,0.0005769230191242748,0.9398192197966739
40.485505,-80.3322553,0.0005770182406155582,0.9449213161828205
40.4855061,-80.3322566,0.0005768313185040613,0.9504903133219482
40.485507,-80.3322579,0.0005765111707481882,0.9556142034642935
40.4855079,-80.3322594,0.0005760509786497442,0.9612328437363575
40.4855087,-80.3322612,0.0005753105682966378,0.9673518742574297
40.4855093,-80.3322628,0.0005745798203920459,0.9725661568243036
40.4855099,-80.3322646,0.0005737102491642196,0.9782979761094732
40.4855104,-80.3322664,0.0005727755057671456,0.9838354151386018
40.4855108,-80.3322683,0.0005717039181290636,0.9894192913373953
40.485511,-80.3322702,0.000570495872031758,0.9945611866569165
40.4855113,-80.3322722,0.0005692916739203181,1.00024844722553
40.4855117,-80.3322742,0.0005681630487833927,1.00624219727319
40.4855122,-80.3322759,0.0005673215049713792,1.0117853560812322
40.4855127,-80.3322777,0.0005664141594244969,1.0176322418410122
40.4855136,-80.3322792,0.0005660072967697436,1.0237673830679084
40.4855144,-80.3322806,0.0005656034830132576,1.0294341537879614
40.4855154,-80.3322818,0.0005654867814501413,1.0351234410922638
40.4855164,-80.332283,0.0005653743715439655,1.040847587463796
40.4855175,-80.3322841,0.0005654076405605569,1.0465949820772882
40.4855185,-80.3322853,0.0005653038121243572,1.0523882896678218
40.4855194,-80.3322864,0.0005652003007789906,1.0576873551535577
40.4855202,-80.3322874,0.000565096044937915,1.062483862653499
40.4855208,-80.3322881,0.0005650539531793159,1.065959648232676
40.4855213,-80.3322889,0.0005648720209094178,1.0694660445834492
40.4855216,-80.3322896,0.0005646135138326807,1.0721890418017075
40.4855219,-80.3322901,0.0005644921611558062,1.0743629745189327
40.4855221,-80.3322906,0.0005642981215664093,1.0762822181563323
40.4855223,-80.3322909,0.0005642405515355687,1.0776446065857548
40.4855225,-80.3322911,0.0005642511851979638,1.0787278415340904
40.4855226,-80.3322913,0.000564188594361303,1.079551382370459
40.4855227,-80.3322916,0.0005640581618896542,1.0806577917158962
40.4855229,-80.3322918,0.0005640691890232676,1.0817445808196917
40.485523,-80.3322921,0.0005639390481232989,1.0828541557985185
40.4855232,-80.3322924,0.0005638825586972047,1.0842270468400599
40.4855234,-80.3322926,0.0005638940503296416,1.0853179795988621
40.4855235,-80.3322929,0.0005637643834093185,1.0864326872760282
40.4855237,-80.3322932,0.0005637084796289446,1.087811271298584
40.4855239,-80.3322936,0.0005635851754597995,1.089477827343818
40.4855241,-80.3322941,0.0005633946396629602,1.091434576988154
40.4855244,-80.3322945,0.0005633458351672781,1.0933719095484185
40.4855246,-80.3322951,0.0005630887763060328,1.095626975757808
40.485525,-80.3322957,0.0005629801861525856,1.0984168865700101
40.4855254,-80.3322964,0.0005628052771586024,1.1015067407052643
40.4855259,-80.3322972,0.0005626385073919136,1.105165562919701
40.4855265,-80.332298,0.0005625475357725674,1.1091053888948892
40.4855272,-80.3322988,0.0005625327190463274,1.113328012791092
40.4855278,-80.3322996,0.0005624453929060442,1.1173020527930342
40.4855285,-80.3323003,0.0005625010222224807,1.1212606837739036
40.4855293,-80.3323011,0.0005625667249374632,1.1258029978632946
40.48553,-80.3323021,0.0005624272841826529,1.1307031669589216
40.4855308,-80.332303,0.0005624315958434505,1.135593220336067
40.4855318,-80.3323036,0.0005627866558436423,1.1401239558188496
40.4855327,-80.3323044,0.0005629370213462339,1.1450175533411913
40.4855336,-80.3323051,0.0005631555468946757,1.1496212121206295
40.4855345,-80.3323058,0.0005633762952062794,1.1542423421101697
40.4855355,-80.3323065,0.0005636749772674084,1.1591526344464218
40.4855364,-80.3323071,0.00056396546880605,1.1634929270898307
40.4855374,-80.3323078,0.0005642688189176101,1.1684382665492843
40.4855384,-80.3323085,0.0005645746452027587,1.1734025122959015
40.4855394,-80.3323092,0.0005648829436289148,1.1783857729178961
40.4855404,-80.3323098,0.0005652582595553777,1.1830638531303297
40.4855414,-80.3323104,0.0005656357308416712,1.1877573428584016
40.4855424,-80.332311,0.0005660153531464577,1.1924663184194308
40.4855436,-80.3323116,0.0005665506332205324,1.1977416689627318
40.4855446,-80.3323121,0.0005669987389768193,1.2021511307124102
40.4855456,-80.3323127,0.0005673848870037209,1.2069060773738975
40.4855466,-80.3323131,0.0005679004930486697,1.2110066371551322
40.4855477,-80.3323136,0.0005684313590877777,1.215729714787199
40.4855488,-80.3323139,0.0005690910735513138,1.2197893569954064
40.4855499,-80.3323142,0.0005697523058342589,1.2238557559093035
40.485551,-80.3323143,0.0005705413657278012,1.2272475027654388
40.4855521,-80.3323144,0.0005713314712138528,1.230641132404864
40.4855532,-80.3323143,0.0005722485561398535,1.2333518312816865
40.4855543,-80.3323142,0.0005731663022183526,1.236061026351977
40.4855554,-80.332314,0.000574147524601021,1.2384252841772778
40.4855564,-80.3323136,0.0005751769292977102,1.239822763810691
40.4855575,-80.3323131,0.0005763471176335381,1.2411504424630082
40.4855586,-80.3323128,0.0005773920851558902,1.243161094218658
40.4855597,-80.3323123,0.000578562667310066,1.2444812362170272
40.4855608,-80.3323116,0.0005798586207037922,1.245111539527282
40.4855618,-80.3323109,0.0005810766300609655,1.245464540952425
40.4855628,-80.3323102,0.0005822946505005047,1.2458161865421882
40.4855638,-80.3323095,0.0005835126819585517,1.2461664841124522
40.4855649,-80.3323088,0.0005848087294112713,1.2467887401281401
40.4855658,-80.3323079,0.0005860739287847876,1.246183206139698
40.4855667,-80.3323071,0.0005872765617702856,1.2459194776841638
40.4855677,-80.3323061,0.0005886823931463902,1.2452523060155196
40.4855687,-80.3323054,0.0005899004068531993,1.245599783375472
40.4855696,-80.3323045,0.0005911656705139279,1.2450027012704337
40.4855705,-80.3323037,0.0005923683313650871,1.2447439353156
40.4855714,-80.3323027,0.0005936962944123622,1.2438172043052034
40.4855723,-80.332302,0.0005948363220272726,1.2438958948312606
40.4855733,-80.3323012,0.0005961169432225204,1.2439089692292744
40.4855743,-80.3323003,0.0005974602246206643,1.243589743609695
40.4855751,-80.3322995,0.0005985849981377723,1.243070362496404
40.485576,-80.3322987,0.0005997877041135527,1.2428191489373464
40.4855767,-80.3322977,0.000600960065233057,1.2413793103571757
40.4855777,-80.3322968,0.0006023034202170376,1.2410690658848795
40.4855787,-80.3322959,0.0006036467841334024,1.2407602956936936
40.4855795,-80.3322951,0.0006047716924623682,1.240252897785606
40.4855801,-80.3322938,0.0006060550882544028,1.237595169353919
40.4855809,-80.332293,0.000607180146247764,1.2370971967911029
40.4855818,-80.3322923,0.0006083201213134242,1.2371861924951402
40.4855825,-80.3322913,0.0006094932321238229,1.2357850808470636
40.4855833,-80.3322904,0.0006106812998599055,1.2349726776277574
40.4855844,-80.3322898,0.0006119138011212786,1.2359054299878711
40.4855853,-80.3322892,0.0006129908726837829,1.2363164721336928
40.4855864,-80.3322885,0.0006142863583052587,1.2369238736715757
40.4855876,-80.332288,0.0006155339958107807,1.238427721782641
40.4855884,-80.3322873,0.0006165961806522577,1.2382550335755114
40.4855896,-80.3322869,0.0006177812315038317,1.2400722021691077
40.4855908,-80.3322866,0.0006189038859107398,1.2422056171230786
40.4855919,-80.3322862,0.0006200116853774584,1.243758043771969
40.4855933,-80.3322861,0.0006211659359584951,1.2470406587953133
40.4855945,-80.3322859,0.0006222275146574813,1.2494855967200778
40.4855957,-80.3322856,0.0006233520754708687,1.2516062709048887
40.4855969,-80.3322853,0.000624477061229566,1.2537236774412353
40.4855983,-80.3322854,0.0006255099119898709,1.2576419214183416
40.4855994,-80.332285,0.0006266199645717392,1.2591737233793334
40.4856004,-80.3322846,0.0006276518939731159,1.260446039476072
40.4856016,-80.3322846,0.0006285924116690134,1.2635221738000906
40.4856028,-80.3322843,0.0006297197551330943,1.265625000009669
40.4856038,-80.3322843,0.0006305046946711763,1.268186475413034
40.4856047,-80.3322842,0.0006312735144144296,1.2701664532962873
40.4856055,-80.3322843,0.0006318404861996098,1.2725409836060353
40.4856062,-80.3322846,0.0006322058683726667,1.2753140220360903
40.4856071,-80.3322851,0.0006326062914626663,1.2792607803291554
40.4856082,-80.3322857,0.0006331044542588653,1.284061696672701
40.4856092,-80.3322864,0.0006334643952102306,1.2889518413714887
40.4856099,-80.3322872,0.0006335279709720119,1.293419354837025
40.4856107,-80.332288,0.0006336725416166747,1.2981639514189722
40.4856114,-80.3322889,0.0006336788855630022,1.3030067392450884
40.4856122,-80.33229,0.000633645279315683,1.3088120613553331
40.4856129,-80.3322911,0.0006335350029759432,1.314389989603858
40.4856137,-80.3322925,0.0006333260139985081,1.3212977498649952
40.4856142,-80.3322938,0.0006329415928818354,1.3271199790177106
40.4856148,-80.3322951,0.0006326400003195838,1.3332455216006602
40.4856154,-80.3322964,0.0006323415058322101,1.3394131641827496
40.4856158,-80.3322978,0.0006318259412164709,1.345449721440251
40.4856162,-80.3322993,0.0006312538395936228,1.3518913159574766
40.4856166,-80.3323008,0.0006306850402554911,1.3583845948191724
40.4856168,-80.3323027,0.0006297218512992763,1.3658602150710772
40.4856171,-80.3323042,0.0006290793352216719,1.3721997300881312
40.4856174,-80.3323058,0.0006283811741317444,1.3789644890412818
40.4856177,-80.3323074,0.0006276864583502167,1.385788184072858
40.485618,-80.3323089,0.0006270535304123565,1.3922908693500162
40.4856183,-80.3323105,0.0006263655482189889,1.3992311916829578
40.4856185,-80.3323122,0.0006255415973371662,1.406344827617331
40.4856189,-80.332314,0.0006248268000030127,1.4144718602673958
40.485619,-80.3323159,0.0006238136981523848,1.4222408026780027
40.4856193,-80.3323178,0.0006229686749793281,1.430652843949667
40.4856196,-80.3323196,0.0006221855189547398,1.4387496480198696
40.4856198,-80.3323215,0.0006212676154434321,1.447055492682714
40.4856202,-80.3323234,0.0006205190891468941,1.4560204953443374
40.4856204,-80.3323253,0.0006196105631825746,1.4645105895745978
40.4856206,-80.3323272,0.000618706602520058,1.473093525162198
40.485621,-80.3323288,0.0006181408415592567,1.4810638913129632
40.4856213,-80.3323307,0.0006173287292839129,1.4901162790781497
40.4856216,-80.3323324,0.0006166325486088822,1.4983932223319616
40.4856219,-80.3323339,0.0006160510368490382,1.5058685445860607
40.4856222,-80.3323358,0.0006152523547340236,1.5151962230739047
40.4856225,-80.3323375,0.0006145683688598305,1.5237247923900192
40.4856229,-80.3323393,0.0006139175840479303,1.5330948121914492
40.4856233,-80.332341,0.0006133260552118475,1.5421036859585535
40.4856236,-80.332343,0.0006124923673005041,1.5523063008530114
40.4856239,-80.3323447,0.0006118259883381314,1.5612121211944001
40.4856241,-80.3323465,0.000611025695043869,1.5703839122704368
40.4856245,-80.3323484,0.0006103452547540335,1.5807539074659673
40.4856246,-80.3323503,0.0006094162534765592,1.590320591888866
40.485625,-80.3323521,0.0006087991869275748,1.6004339739446027
40.4856252,-80.3323539,0.0006080171790350154,1.610037406508149
40.4856255,-80.3323558,0.000607272138334556,1.6205707118397041
40.4856257,-80.3323576,0.0006064993075054072,1.6304005045601118
40.4856258,-80.3323595,0.0006055934692557161,1.6405456852747393
40.485626,-80.3323615,0.000604725995804582,1.6516602810218226
40.4856261,-80.3323633,0.0006038813790806305,1.66152858059694
40.4856264,-80.3323653,0.0006031099816768751,1.6732385262337086
40.4856267,-80.3323671,0.0006024464789498953,1.6840052015629312
40.4856272,-80.3323693,0.0006017569359856563,1.6977734119253618
40.4856276,-80.3323712,0.0006011401334163113,1.7097199341056593
40.485628,-80.3323731,0.0006005289751550033,1.7218169761278208
40.4856284,-80.332375,0.0005999234784579154,1.7340674007552919
40.485629,-80.3323768,0.0005995469122603253,1.7465592481308967
40.4856295,-80.3323786,0.0005990891836813462,1.7588652482405656
40.4856302,-80.3323803,0.0005988602591639908,1.7713994565303635
40.485631,-80.3323821,0.0005986752458527854,1.785030758748598
40.4856318,-80.3323838,0.000598545253092949,1.7982124441717016
40.4856328,-80.3323854,0.0005986445522970015,1.8116142413245957
40.4856337,-80.3323869,0.0005987101468997039,1.824183460777679
40.4856341,-80.3323884,0.000598341750173173,1.8351379671759929
40.4856348,-80.3323901,0.0005981457765480387,1.8485593815913346
40.4856355,-80.3323917,0.000598002709024675,1.8614840989763752
40.485636,-80.3323933,0.0005976882548595122,1.873845060474444
40.4856365,-80.3323953,0.0005971910916938845,1.8890479599385679
40.485637,-80.3323971,0.0005967936410530139,1.9030979826785432
40.4856374,-80.332399,0.0005962668697871375,1.917664127667325
40.4856378,-80.3324008,0.0005957919267659075,1.9317269076618813
40.4856384,-80.3324025,0.0005955459092296217,1.9459955914978955
40.4856389,-80.3324043,0.0005951707318096232,1.960798816531119
40.4856396,-80.3324064,0.0005948442653352153,1.9787551248504591
40.4856403,-80.332408,0.0005947499054232266,1.9932508436721754
40.4856412,-80.3324097,0.000594795132802339,2.009433962293999
40.485642,-80.3324113,0.0005948011852693429,2.024677296932991
40.4856428,-80.3324129,0.0005948126175572626,2.0401069518511936
40.4856437,-80.3324145,0.0005949193558786164,2.056110684089582
40.4856445,-80.3324159,0.0005950286379665429,2.0703245749876698
40.4856455,-80.3324173,0.0005953226016174021,2.0854700855042965
40.4856465,-80.3324188,0.0005955784163343979,2.1016021883763316
40.4856475,-80.3324198,0.0005960532274906032,2.113770105914684
40.4856487,-80.332421,0.0005966269269835683,2.12849822623982
40.4856497,-80.3324223,0.0005969813732460398,2.143423137951383
40.485651,-80.3324232,0.0005977805115605076,2.1562624254059655
40.485652,-80.3324243,0.0005982265875098073,2.169728434531129
40.4856534,-80.3324252,0.0005991229756874132,2.183166332701822
40.4856544,-80.3324265,0.0005994928940401132,2.198630136987478
40.4856556,-80.3324278,0.0006000493479709788,2.21506682874845
40.4856568,-80.332429,0.0006006513964025283,2.230769230840416
40.4856578,-80.3324302,0.0006010749204530563,2.2458077710210262
40.4856588,-80.3324313,0.0006015426585096204,2.2600657354157225
40.4856598,-80.3324324,0.0006020137041639986,2.274453157287274
40.4856608,-80.3324338,0.0006023680104366849,2.2918223329728917
40.4856616,-80.3324351,0.000602583247363284,2.3075959933279218
40.4856624,-80.3324364,0.000602802272724244,2.323541754185462
40.4856633,-80.332438,0.0006029992122731614,2.3430502745925965
40.4856641,-80.3324395,0.0006031485720779228,2.361394557920439
40.4856648,-80.3324414,0.0006030556359135411,2.3836262322862796
40.4856657,-80.3324429,0.0006033077489955946,2.402933563475612
40.4856666,-80.3324444,0.0006035648266787092,2.422492401250503
40.4856673,-80.3324463,0.000603490281615626,2.4457092820108324
40.485668,-80.3324478,0.0006035727793725419,2.4649625385454264
40.4856686,-80.3324498,0.0006033804935488579,2.489550911599112
40.4856692,-80.3324517,0.0006032323350095958,2.5134529147320515
40.4856694,-80.3324537,0.0006026819144454882,2.537104072446606
40.4856695,-80.3324558,0.0006020081810071967,2.5619004112390242
40.4856696,-80.3324577,0.0006014131774417207,2.5847926268379915
40.4856694,-80.3324599,0.0006004361165012677,2.610335195598825
40.4856692,-80.3324619,0.0005995365626871085,2.6339285714243976
40.4856686,-80.3324636,0.0005983738129291689,2.6522974893195728
40.4856681,-80.3324656,0.0005972027880016709,2.6752749881449174
40.4856674,-80.3324673,0.0005959533958258778,2.6938283510909664
40.4856669,-80.3324693,0.0005947910557497526,2.717624148023162
40.4856662,-80.3324712,0.0005934799912367309,2.739557739583991
40.4856658,-80.3324731,0.0005924550362691754,2.763392857193837
40.4856653,-80.3324749,0.0005913743315405872,2.7857857857408965
40.4856651,-80.3324768,0.0005905466704690719,2.8115209701418786
40.485665,-80.332479,0.0005897187295620606,2.842616249476183
40.4856648,-80.3324809,0.0005889020716611456,2.8694530443201387
40.4856647,-80.3324828,0.0005881850134142558,2.8973423657660184
40.4856646,-80.332485,0.0005873762848459637,2.930416447142235
40.4856644,-80.332487,0.0005865439284476249,2.9605753862856194
40.4856639,-80.3324889,0.0005854644993506037,2.9881593111398406
40.4856634,-80.3324907,0.0005844211580735092,3.014673912982909
40.4856628,-80.3324926,0.0005832557072191776,3.0428336078612026
40.485662,-80.3324942,0.0005819975429498186,3.065373961235215
40.4856612,-80.3324961,0.0005806498170194194,3.0935050392530266
40.4856604,-80.332498,0.0005793062920441098,3.122241086650656
40.4856597,-80.3324998,0.0005780925617955148,3.150371640862792
40.4856589,-80.3325016,0.0005767873524952249,3.178509532098318
40.4856582,-80.3325035,0.0005755516397377249,3.209696261770826
40.4856575,-80.3325053,0.0005743498933630183,3.2396694214300594
40.4856569,-80.3325071,0.0005732477649358131,3.2708830549673746
40.4856561,-80.3325089,0.0005719583900983537,3.3015681543183217
40.4856554,-80.3325106,0.0005707974246600257,3.331505179934613
40.4856548,-80.3325124,0.000569707381030863,3.364756623553735
40.4856542,-80.3325143,0.0005685933608483863,3.4008728179918983
40.4856538,-80.3325162,0.0005676761929156766,3.439116719315053
40.4856532,-80.3325181,0.0005665719813078167,3.477011494346749
40.4856524,-80.33252,0.0005652802667707028,3.5145442793516124
40.4856519,-80.3325218,0.0005643090022354777,3.5526487899991395
40.4856513,-80.3325236,0.0005632459232005364,3.59099933828815
40.4856508,-80.3325254,0.0005622836472863217,3.630944407166243
40.4856502,-80.3325272,0.0005612294539701903,3.6711864407790467
40.4856496,-80.3325292,0.0005601277175834593,3.7175257731709053
40.4856491,-80.3325309,0.0005592053290223774,3.7579972183038532
40.4856484,-80.3325328,0.0005580427403036366,3.8033826638071284
40.4856478,-80.3325347,0.0005569818758320858,3.850714285697247
40.4856471,-80.3325366,0.0005558292633570253,3.898624185372285
40.4856465,-80.3325385,0.0005547785864683899,3.9486049926832893
40.4856462,-80.3325404,0.0005540241330482414,4.00223380494049
40.4856457,-80.3325424,0.0005530572212733061,4.058956915981277
40.4856454,-80.3325443,0.0005523142674294829,4.11579754594583
40.4856451,-80.3325461,0.0005516003263239021,4.171073094993091
40.4856448,-80.3325482,0.0005508225304067481,4.237944664297326
40.4856446,-80.3325501,0.0005501944837973117,4.300963082146996
40.4856445,-80.332552,0.0005496698372655615,4.366748166574765
40.4856443,-80.3325538,0.0005490757415865878,4.430107526916477
40.4856441,-80.3325558,0.0005484435887173564,4.50294365001106
40.4856439,-80.3325578,0.0005478180811186427,4.578272027593035
40.4856437,-80.3325598,0.0005471992415923031,4.656222802438516
40.4856434,-80.3325616,0.0005465306029871507,4.727674624545191
40.4856431,-80.3325635,0.0005458468649700016,4.8057553960194905
40.4856427,-80.3325654,0.0005450710871098544,4.885635864367208
40.4856422,-80.3325672,0.0005442228403907512,4.962790697767876
40.4856416,-80.3325691,0.0005432621558721822,5.046401515291057
40.4856411,-80.3325708,0.0005424435178012004,5.124157844165031
40.4856408,-80.3325727,0.0005417881597087832,5.216666666764192
40.4856404,-80.3325746,0.000541040571494452,5.3116883118607
40.4856403,-80.3325765,0.0005405939326348713,5.413441955408932
40.4856401,-80.3325783,0.000540073069131009,5.512448132556513
40.4856401,-80.3325802,0.0005397371675180478,5.623280423100605
40.4856402,-80.3325821,0.0005395062650252281,5.739740820614685
40.4856403,-80.3325841,0.0005392651666861544,5.8675496693551175
40.4856402,-80.3325861,0.0005388341210435046,5.998871331975621
40.4856402,-80.3325881,0.0005385088764371566,6.137413394715089
40.4856399,-80.3325901,0.0005378945993443977,6.278959811383202
40.4856396,-80.3325921,0.0005372872323078258,6.427360774914838
40.4856393,-80.3325941,0.0005366867987994869,6.58312655060161
40.4856392,-80.3325961,0.0005362911615931629,6.749363868174202
40.4856387,-80.3325979,0.0005355354703522746,6.90104166653078
40.4856384,-80.3325999,0.0005349552598118235,7.081550802814651
40.4856381,-80.3326017,0.0005344093562104331,7.252054794544549
40.4856376,-80.3326037,0.0005336442728988678,7.449295775550267
40.4856371,-80.3326056,0.0005328990242071857,7.646888566789755
40.4856367,-80.3326077,0.0005322339711095922,7.880597014805076
40.4856364,-80.3326097,0.0005316881510793597,8.118461539422832
40.4856357,-80.3326115,0.0005307760733167115,8.338607595073329
40.4856351,-80.3326135,0.0005299456575972853,8.601307188977152
40.4856347,-80.3326155,0.0005293209234483312,8.885135135824463
40.4856341,-80.3326175,0.0005285044938322544,9.185314685242584
40.4856335,-80.3326195,0.0005276950634599222,9.507246378313345
40.485633,-80.3326214,0.000527002258062285,9.836772982287824
40.4856323,-80.3326234,0.0005261070708521792,10.206627681220963
40.4856317,-80.3326254,0.0005253184653153481,10.608519269674556
40.4856313,-80.3326275,0.0005247271672054971,11.072033899000369
40.4856306,-80.3326297,0.0005238364343978322,11.597777777814972
40.48563,-80.3326319,0.000523054041187869,12.179906541324524
40.4856293,-80.3326341,0.0005221807349959325,12.82266010131199
40.4856287,-80.3326362,0.0005214232925386729,13.506493505738502
40.4856281,-80.3326382,0.0005206809099643351,14.230136989034206
40.4856275,-80.3326401,0.000519952497831627,14.994219656601448
40.4856269,-80.332642,0.0005192307098019286,15.847094805480026
40.4856264,-80.332644,0.0005186094677144493,16.863192184498725
40.4856258,-80.3326459,0.0005179013902309205,17.954861114030585
40.4856253,-80.3326478,0.0005172998840173759,19.20446097055791
40.4856246,-80.3326499,0.0005164957405469458,20.802419362202457
40.485624,-80.3326517,0.0005158130378379372,22.40434782743551
40.4856233,-80.3326535,0.0005150365035628107,24.273584914994313
40.4856226,-80.3326552,0.0005142698318987619,26.353846162837954
40.4856219,-80.3326569,0.0005135085977860057,28.831460682517687
40.4856213,-80.3326586,0.0005128527761456592,31.838509324113822
40.4856205,-80.3326604,0.0005119997363334383,35.790209781352765
40.4856199,-80.3326623,0.0005113503691262614,41.225806442740364
40.4856191,-80.3326641,0.0005105100586698663,48.15094341480575
40.4856183,-80.3326659,0.000509675975499104,57.90909088706996
40.4856176,-80.3326676,0.0005089495259845294,71.67605628942766
40.4856168,-80.3326692,0.0005081297668949868,92.38181817721433
40.4856161,-80.332671,0.0005074134901671462,137.13513537699993
40.4856152,-80.3326726,0.0005065043533872176,241.1904758202206
40.4856146,-80.3326744,0.0005059000889506566,1686.3333535680117
40.4856137,-80.3326761,0.0005050019405943112,-360.71428516325255
40.4856129,-80.3326778,0.0005042095298601068,-162.64516125416696
40.4856121,-80.3326795,0.0005034228838655201,-104.87500001628327
40.4856112,-80.3326813,0.00050254334141771,-76.13636356677743
40.4856103,-80.3326831,0.0005016703299974458,-59.71428572359044
40.4856094,-80.3326848,0.0005008018570287168,-49.57425743964556
40.4856086,-80.3326864,0.0005000368986397493,-42.726495720303326
40.4856077,-80.332688,0.0004991772130266641,-37.5187969753292
40.4856069,-80.3326897,0.0004984257617768186,-33.213333322968886
40.4856061,-80.3326911,0.0004976702924634438,-30.32926827992824
40.4856052,-80.3326927,0.0004968261768506049,-27.58333333787291
40.4856044,-80.3326941,0.0004960794795210071,-25.551546392722976
40.4856034,-80.3326958,0.0004951497753248648,-23.4454976328885
40.4856023,-80.3326972,0.0004941125479065165,-21.93777777768234
40.4856013,-80.3326989,0.0004931940794465092,-20.355371902063986
40.4856005,-80.3327005,0.000492476273539252,-19.062015501563856
40.4855995,-80.3327024,0.0004915810513045121,-17.718411549865703
40.4855984,-80.3327041,0.0004905817465039874,-16.656462583707235
40.4855975,-80.3327057,0.0004897820331533693,-15.76774193190528
40.4855964,-80.3327074,0.0004887950286174167,-14.914373086177859
40.4855954,-80.3327091,0.00048791418303168474,-14.14825581236351
40.4855944,-80.3327108,0.00048703973143772304,-13.454293627786022
40.4855934,-80.3327125,0.000486171708351359,-12.822751322377364
40.4855924,-80.332714,0.00048529391094822606,-12.307888041618767
40.4855913,-80.3327157,0.0004843384766922795,-11.770731708601208
40.4855901,-80.332717,0.00048325484995542437,-11.38061465624662
40.4855889,-80.3327187,0.000482211613304256,-10.91363636311667
40.4855878,-80.3327202,0.0004812557116540389,-10.529670329939755
40.4855867,-80.3327219,0.00048032472349525336,-10.127118644657195
40.4855859,-80.3327237,0.0004797091201960913,-9.738775509348827
40.4855847,-80.3327251,0.00047866079847812656,-9.444444443238277
40.4855836,-80.3327268,0.00047774932757763073,-9.115163146945628
40.4855823,-80.3327282,0.00047661222183258345,-8.852336447423182
40.4855812,-80.3327297,0.0004756902878986275,-8.590909090415822
40.4855799,-80.3327308,0.0004745278179403293,-8.399286988299153
40.4855788,-80.3327322,0.00047360348394064674,-8.17565217436865
40.4855778,-80.3327336,0.0004727832695890682,-7.9643463499313025
40.4855767,-80.332735,0.0004718687211554158,-7.761194029775121
40.4855757,-80.3327364,0.000471058266035984,-7.568881685167355
40.4855744,-80.3327378,0.00046995542341821497,-7.3803486522760275
40.4855733,-80.3327392,0.00046905587087440646,-7.203100774348372
40.4855722,-80.3327404,0.00046813325026427786,-7.054794519776083
40.4855711,-80.3327416,0.00046721447966029404,-6.911808668953854
40.4855699,-80.332743,0.00046622991109835147,-6.7525622260001175
40.4855687,-80.3327444,0.0004652505669026387,-6.599713056256554
40.4855675,-80.3327457,0.0004642611764993181,-6.461971830544451
40.4855662,-80.3327471,0.0004631932749986222,-6.319060772857385
40.4855649,-80.3327482,0.0004620829903835663,-6.206802721187344
40.4855638,-80.3327496,0.0004612223108256672,-6.076101468564165
40.4855627,-80.3327507,0.00046031728188877384,-5.97368421003425
40.4855615,-80.332752,0.0004593507701144069,-5.8576972833051135
40.4855601,-80.3327533,0.00045819201215405706,-5.743002544944227
40.4855587,-80.3327548,0.0004570733092201897,-5.617977527731073
40.4855578,-80.3327564,0.00045647091912107515,-5.496940024835241
40.4855565,-80.3327575,0.0004553906894121697,-5.408212560345017
40.4855551,-80.3327588,0.00045425298017771497,-5.307966706623698
40.4855538,-80.33276,0.00045319984554213516,-5.218053927627364
40.4855526,-80.3327612,0.0004522493338851218,-5.1317919078303955
40.4855514,-80.3327623,0.00045128377989985083,-5.053652968014307
40.4855499,-80.3327635,0.0004500476419269461,-4.968468468500187
40.4855484,-80.3327647,0.0004488163210056428,-4.885555555560468
40.485547,-80.3327661,0.00044772854499076323,-4.795404813873052
40.4855456,-80.3327673,0.0004466053851039526,-4.718142548531478
40.4855443,-80.3327682,0.00044552172786927765,-4.658823529168584
40.4855432,-80.3327692,0.0004446577335483242,-4.597883597783743
40.4855418,-80.3327703,0.00044352561369504254,-4.5303347276419474
40.4855404,-80.3327717,0.0004424634335166993,-4.450515464070071
40.4855388,-80.3327728,0.00044114580356471677,-4.384301732843927
40.4855371,-80.3327738,0.0004397128267443393,-4.322906155444024
40.4855358,-80.3327751,0.00043874203127153456,-4.253984063437405
40.4855339,-80.3327759,0.00043707720142159616,-4.20158102756003
40.4855326,-80.3327771,0.0004360928456208219,-4.139648437393206
40.4855312,-80.3327785,0.000435064006785554,-4.07032755277812
40.4855298,-80.3327795,0.00043394498499689776,-4.018129770932589
40.4855283,-80.3327806,0.0004327574031745549,-3.9622285171650677
40.4855269,-80.3327816,0.0004316466726455841,-3.9120673525073033
40.4855255,-80.3327825,0.0004305149010218791,-3.866419295203137
40.485524,-80.3327835,0.0004293151872478359,-3.817095588002997
40.4855225,-80.3327843,0.0004280684524742776,-3.7755474452294475
40.4855211,-80.3327854,0.00042699912178272156,-3.725383920268029
40.4855198,-80.3327864,0.00042600481218157043,-3.680393912106735
40.4855182,-80.3327873,0.0004246987285179628,-3.63676731769762
40.4855167,-80.3327881,0.0004234661261552887,-3.597883597771211
40.4855152,-80.332789,0.00042226382748801933,-3.556430446010995
40.4855137,-80.33279,0.00042109273325665903,-3.512575888854415
40.4855123,-80.3327912,0.0004200776237858062,-3.46437768232391
40.4855108,-80.3327919,0.00041883200689906905,-3.4308873718760524
40.4855094,-80.332793,0.0004177982527481206,-3.3871513103179973
40.4855077,-80.3327936,0.00041633905654190397,-3.355761143721131
40.4855063,-80.3327945,0.00041525630639559636,-3.318864774416638
40.4855048,-80.3327954,0.00041408175521474204,-3.281690140966124
40.4855034,-80.3327961,0.0004129479991479214,-3.2512355849164853
40.4855019,-80.3327967,0.00041169192365767226,-3.2229508195900207
40.4855006,-80.3327974,0.0004106591043730107,-3.1939690300383234
40.4854992,-80.332798,0.00040950352867952797,-3.1670721817234884
40.4854979,-80.332799,0.00040856716706018625,-3.131134352480903
40.4854967,-80.3327997,0.0004076383200828805,-3.104000000080945
40.4854955,-80.3328009,0.00040686690698566445,-3.0649762282944937
40.4854942,-80.3328019,0.000405943456656575,-3.0306603771561287
40.4854929,-80.3328031,0.0004050878916994517,-2.9922118378050477
40.4854918,-80.3328043,0.00040442770676910733,-2.9560185183362733
40.4854905,-80.3328057,0.00040364865910669316,-2.9145038168770334
40.4854894,-80.332807,0.00040303322443912057,-2.8775510203237666
40.4854884,-80.3328086,0.0004026180572266041,-2.83569828214198
40.4854874,-80.33281,0.00040214397918930645,-2.798965262441301
40.4854864,-80.3328116,0.00040174481950777733,-2.758948137314232
40.4854855,-80.3328132,0.0004014479916569067,-2.7205776172552145
40.4854845,-80.3328149,0.0004011005858902768,-2.680456490651764
40.4854836,-80.3328166,0.00040085610885191,-2.642001409422556
40.4854828,-80.3328181,0.0004006424465794046,-2.60878661091204
40.4854818,-80.3328195,0.0004002132556570692,-2.5766574585755326
40.4854807,-80.332821,0.000399734524401181,-2.542720437495921
40.4854796,-80.3328224,0.00039922687785252464,-2.5111712931721395
40.4854783,-80.3328234,0.00039839157872424615,-2.485541358485571
40.4854772,-80.3328249,0.00039793503238910835,-2.453395472586466
40.4854761,-80.3328262,0.00039741037983635953,-2.425082508243581
40.4854641,-80.3328479,0.00039535730675519085,-2.0519630484478726
40.4854629,-80.3328488,0.0003946751195617643,-2.03446295240342
40.4854619,-80.33285,0.00039430994154062663,-2.0148317171086148
40.4854606,-80.3328507,0.0003934585238655481,-1.9994318182559094
40.4854592,-80.3328514,0.0003925215153355399,-1.9835880023129475
40.4854579,-80.332852,0.0003916323914120204,-1.9695431471735387
40.4854567,-80.3328525,0.0003907900203469612,-1.957255343062875
40.4854554,-80.3328534,0.00039004433081807067,-1.9401231112984316
40.4854543,-80.332854,0.00038934284377868916,-1.927495817090593
40.4854532,-80.3328542,0.0003884591355644036,-1.9192200557170325
40.4854518,-80.3328546,0.00038740369126228,-1.9071706503066226
40.4854505,-80.3328545,0.00038620626613247407,-1.9010011123745703
40.4854494,-80.3328545,0.0003852330852885161,-1.8948832035945014
40.4854483,-80.3328545,0.0003842605886658492,-1.8887652948144327
40.485447,-80.3328537,0.0003827373642628783,-1.889944134064064
40.4854458,-80.3328536,0.00038163021369532385,-1.8842929009864964
40.4854446,-80.3328533,0.00038042971755826573,-1.8807390817842096
40.4854434,-80.332853,0.000379229455610801,-1.8771733034216695
40.485442,-80.3328529,0.00037794725822995153,-1.8703703702965309
40.4854407,-80.3328527,0.0003767067825272701,-1.8651685392711235
40.4854393,-80.3328529,0.00037556836928335596,-1.8552188551679731
40.4854379,-80.3328531,0.00037443183625393816,-1.8452914798809958
40.4854364,-80.3328532,0.0003731615467880701,-1.8358543416931197
40.4854351,-80.3328533,0.00037206843456346245,-1.8275475923971134
40.485434,-80.3328534,0.0003711519634898183,-1.8203693340145801
40.4854328,-80.3328531,0.0003699559027758293,-1.8167040359186886
40.4854316,-80.3328528,0.00036876011172588065,-1.8130263896773722
40.4854303,-80.3328526,0.00036752546850336837,-1.8077571669745975
40.4854292,-80.3328523,0.00036641780797440945,-1.8046171171150447
40.485428,-80.3328519,0.0003651743829997277,-1.8019187359381728
40.4854268,-80.3328514,0.0003638825359917659,-1.8002263724173877
40.4854257,-80.3328507,0.00036258102542780895,-1.8011363636900397
40.4854247,-80.3328501,0.00036141549496998885,-1.8015963511915818
40.4854234,-80.3328496,0.0003600362481809429,-1.7993138936292663
40.4854222,-80.332849,0.0003586958879076639,-1.7986230637324196
40.4854211,-80.3328487,0.00035758881414826074,-1.7954022988703824
40.48542,-80.3328485,0.00035653068591574903,-1.7911392405171966
40.4854189,-80.3328483,0.00035547292442545466,-1.7868663594897263
40.4854177,-80.3328478,0.000354181605959624,-1.7850953206547917
40.4854165,-80.3328474,0.0003529392724018481,-1.7822814127882414
40.4854153,-80.3328471,0.00035174610161307245,-1.7784222738260818
40.4854142,-80.3328468,0.0003506403570641283,-1.7751307379580021
40.4854132,-80.3328463,0.0003495236901899835,-1.7744755244921742
40.485412,-80.332846,0.00034833113556075594,-1.7705779333892122
40.4854109,-80.3328457,0.00034722592068887355,-1.7672514620450193
40.4854096,-80.3328456,0.0003460456906243385,-1.7606787594981208
40.4854085,-80.3328451,0.0003448422827915975,-1.7593896713460366
40.4854074,-80.3328449,0.0003437873325195866,-1.7549941245759724
40.4854062,-80.332845,0.0003427948949501114,-1.746917204865294
40.4854051,-80.3328451,0.00034189050879285254,-1.7394366197200717
40.4854037,-80.332845,0.00034062749449123954,-1.7322372283492629
40.4854025,-80.3328449,0.00033953862814217257,-1.7262044653489794
40.4854013,-80.332845,0.00033855110397633154,-1.7181444509005488
40.4854,-80.332845,0.00033742818495646895,-1.7105108631088748
40.4853989,-80.3328451,0.0003365296420848852,-1.7030516431864196
40.4853978,-80.332845,0.0003355307735582272,-1.6975924837947944
40.4853967,-80.3328451,0.00033463436763628203,-1.6901408450804067
40.4853953,-80.3328447,0.0003332259893833285,-1.68588235298494
40.485394,-80.3328447,0.0003321085515308687,-1.6782352941555099
40.4853927,-80.3328444,0.0003308384651164276,-1.6735415438975723
40.4853916,-80.3328445,0.0003299461319660281,-1.6660777385787437
40.4853903,-80.3328444,0.0003287805499125548,-1.6593989393034956
40.4853888,-80.3328443,0.00032744491140485624,-1.6515330188313155
40.4853874,-80.3328443,0.00032624814176286513,-1.6432783018378323
40.4853862,-80.3328445,0.000325327972974644,-1.6342756184413934
40.4853848,-80.3328447,0.0003242394331345099,-1.6241176470902938
40.4853835,-80.3328452,0.0003233964903928521,-1.6117302053159401
40.4853821,-80.3328458,0.00032252561139159034,-1.597895967270966
40.4853807,-80.3328464,0.0003216595871412322,-1.5841584158960784
40.4853794,-80.3328471,0.00032093652020250804,-1.5701856148876296
40.4853776,-80.3328473,0.0003195277296270954,-1.557937427596915
40.4853763,-80.3328482,0.0003189232039242344,-1.5423631123744637
40.4853746,-80.3328486,0.0003177168865573482,-1.529039677925849
40.4853732,-80.332849,0.00031676606510046604,-1.5174985657126199
40.4853716,-80.3328495,0.00031570785546160464,-1.50400457670592
40.4853699,-80.33285,0.00031457197904528525,-1.490017113585139
40.4853686,-80.3328507,0.0003138853453099046,-1.4767045455047807
40.4853667,-80.3328506,0.0003122576019922291,-1.466742467306471
40.4853654,-80.332851,0.0003114106292390765,-1.4560408394296294
40.4853641,-80.3328512,0.0003104535552999584,-1.447025495794364
40.4853628,-80.3328514,0.00030949911146675165,-1.4380305602904215
40.4853614,-80.3328515,0.00030840805761870156,-1.4292986425137058
40.48536,-80.3328514,0.0003072044596032464,-1.4221844935262027
40.4853585,-80.3328515,0.00030603640306568666,-1.4128959275511646
40.4853574,-80.3328517,0.0003052551228118704,-1.4050847457014757
40.4853563,-80.3328518,0.0003044177557263372,-1.3980801806825105
40.4853549,-80.3328521,0.0003034554332997204,-1.387824126278119
40.485354,-80.3328522,0.00030278431267797054,-1.3819718309520417
40.4853524,-80.3328519,0.0003013130100043965,-1.3752821670662423
40.4853515,-80.332852,0.0003006445243184028,-1.369430344029765
40.4853502,-80.3328517,0.0002994181858261627,-1.3644067796079458
40.4853489,-80.3328514,0.0002981927732175966,-1.3593661573519498
40.4853476,-80.3328511,0.00029696829797135396,-1.354308390012583
40.4853465,-80.3328507,0.0002958459734371978,-1.351136363669854
40.4853454,-80.3328502,0.00029466445323467585,-1.3487179487495076
40.4853441,-80.3328497,0.0002933226210166334,-1.3451428571591446
40.4853431,-80.3328494,0.0002923413244864766,-1.3417286777363535
40.4853419,-80.3328489,0.00029108053868821885,-1.3386911595812028
40.4853409,-80.3328483,0.0002899203338823444,-1.3375576037087984
40.48534,-80.3328478,0.0002889001557642371,-1.33622183712218
40.4853388,-80.3328472,0.0002875800062646325,-1.333913043457558
40.4853378,-80.3328464,0.00028630001746611587,-1.334304018703703
40.4853366,-80.3328459,0.0002850400848974896,-1.3311915888014834
40.4853358,-80.3328455,0.00028416025408884777,-1.3296252927107217
40.4853345,-80.3328451,0.0002828812471723566,-1.3251173708933892
40.4853334,-80.3328445,0.00028164184703273113,-1.3233215548343438
40.4853324,-80.3328444,0.0002807842232034539,-1.318208603408593
40.485331,-80.3328437,0.00027924593103894593,-1.315384615413076
40.4853299,-80.3328434,0.00027818901848134284,-1.3112033195106383
40.4853287,-80.332843,0.0002769925811262449,-1.3071895424875233
40.4853279,-80.332843,0.00027635761252607605,-1.302436125998249
40.4853266,-80.3328424,0.00027496127000559937,-1.2993440667570995
40.485325,-80.3328421,0.00027351133431845247,-1.2921146954094191
40.485324,-80.3328418,0.0002725371534302859,-1.2884500299359691
40.4853228,-80.3328415,0.00027140569264693656,-1.2835731414739902
40.4853219,-80.3328415,0.0002706962873826249,-1.2781774580429714
40.4853208,-80.3328408,0.0002693986265739441,-1.276941601428018
40.4853197,-80.3328405,0.0002683479830401099,-1.2726176115438754
40.4853184,-80.3328399,0.00026695529588109066,-1.269370460059986
40.4853173,-80.3328398,0.00026603001710613216,-1.263476680773787
40.4853162,-80.3328396,0.0002650438831614082,-1.2583383869015703
40.4853152,-80.3328392,0.00026401231032051906,-1.2553191489876354
40.4853138,-80.3328384,0.00026241893986806813,-1.2529016493599086
40.4853126,-80.332838,0.00026123188932445393,-1.2486221678276073
40.4853115,-80.3328376,0.0002601235283546602,-1.2449355432518172
40.4853105,-80.3328374,0.00025921907723209375,-1.2403196066015325
40.4853094,-80.332837,0.00025811195245490574,-1.2365988909502246
40.485308,-80.3328365,0.00025670942717879715,-1.2317676143672425
40.4853067,-80.332836,0.0002553853754670961,-1.227526348432067
40.4853057,-80.3328356,0.0002543576419122293,-1.2243629583793747
40.4853047,-80.332835,0.0002532036532170316,-1.222707423561817
40.4853036,-80.3328347,0.00025216266576185103,-1.2181249999621968
40.4853025,-80.3328342,0.0002509953983651919,-1.2150470220129514
40.4853016,-80.3328337,0.0002499828194088182,-1.21320754720826
40.4853007,-80.3328333,0.0002490340539043296,-1.2105926859915055
40.4852995,-80.3328328,0.00024779073833474085,-1.2068311195252335
40.4852984,-80.3328325,0.00024675277100557334,-1.2021546261342235
40.4852972,-80.3328314,0.0002451267835257072,-1.2029355455902482
40.4852961,-80.3328312,0.00024415366063492333,-1.1974440894452065
40.4852951,-80.3328302,0.00024274515443804674,-1.198713826351573
40.4852941,-80.33283,0.00024184964337521054,-1.1938184159427245
40.485293,-80.3328292,0.00024049270259763648,-1.1928802588444292
40.485292,-80.3328288,0.00023946962229517185,-1.1894873458765465
40.4852908,-80.3328282,0.00023816519477055462,-1.186319218293755
40.4852899,-80.3328278,0.00023721941320595263,-1.1835401697804173
40.4852885,-80.3328277,0.0002360869331433345,-1.1751633987458074
40.4852873,-80.3328273,0.00023491428224778658,-1.1703800786181024
40.4852861,-80.3328268,0.0002336774914372879,-1.166337935541523
40.4852852,-80.3328268,0.00023299497849354933,-1.1604207757560958
40.485284,-80.3328269,0.00023215281605327317,-1.151773981600516
40.4852826,-80.3328266,0.00023090002165829964,-1.144832126355126
40.4852816,-80.3328268,0.00023027987320517072,-1.1367521367078168
40.4852804,-80.3328264,0.00022911521119738627,-1.1318391562213415
40.4852791,-80.3328264,0.00022814260891311242,-1.1232696110601628
40.4852781,-80.3328262,0.00022726330544507967,-1.118151815201207
40.4852773,-80.3328261,0.00022660079435619286,-1.1136063407802745
40.4852761,-80.3328257,0.0002254412562099006,-1.1086092715201248
40.4852751,-80.3328253,0.00022443110301587847,-1.1049136786669158
40.4852738,-80.3328248,0.0002231322926000821,-1.0999333777805256
40.4852727,-80.3328247,0.0002222521091085219,-1.0933333333314386
40.4852718,-80.3328243,0.00022131825500997754,-1.0902406417206911
40.4852705,-80.3328238,0.0002200228397251421,-1.0851777330587924
40.4852694,-80.3328233,0.00021887542119096735,-1.081426648715093
40.4852684,-80.3328227,0.00021773398907898298,-1.0790540541159475
40.4852673,-80.3328225,0.0002167920662799363,-1.0730717184752685
40.4852661,-80.3328224,0.00021584728397536137,-1.065673662828074
40.4852651,-80.3328216,0.00021457066435503537,-1.064669843410853
40.4852412,-80.3328095,0.0001890166394772595,-0.9829376854711241
40.4852396,-80.3328091,0.00018761175336990147,-0.9739583332947839
40.4852385,-80.3328088,0.00018663024942389676,-0.9679343773787531
40.4852373,-80.3328085,0.00018558124905558525,-0.9611360239401862
40.4852362,-80.332808,0.00018445904695000792,-0.9564891223056826
40.4852352,-80.332808,0.00018376925749574228,-0.9489872468025456
40.4852339,-80.3328076,0.00018258545944035642,-0.9420617005433667
40.4852329,-80.3328073,0.00018168214001555252,-0.9366515837205909
40.4852314,-80.3328067,0.00018022011542404018,-0.9295454545337101
40.4852305,-80.3328065,0.00017946163936059906,-0.9241274658364171
40.4852294,-80.3328066,0.0001787906597133951,-0.9150871872939951
40.4852281,-80.3328059,0.00017739729423028397,-0.9100609756407975
40.4852267,-80.3328048,0.0001756417091750029,-0.9069946194791972
40.4852255,-80.3328047,0.00017476338289185828,-0.8984615384763379
40.4852245,-80.3328044,0.00017387274082306337,-0.8928296067943496
40.4852236,-80.3328044,0.00017327463749935903,-0.885890516559989
40.4852227,-80.332804,0.0001723789140242104,-0.8816705336864243
40.4852213,-80.3328035,0.00017107951367711986,-0.874223602502975
40.4852203,-80.3328031,0.00017012089819599052,-0.8691588784782968
40.4852187,-80.3328019,0.00016816610836324514,-0.8647798741509497
40.4852177,-80.3328016,0.00016728601256498423,-0.8589440504624893
40.4852167,-80.3328009,0.0001661037025480323,-0.8557844691531533
40.4852158,-80.3328003,0.00016506292739812458,-0.852707006350059
40.4852151,-80.3327998,0.0001642284080216336,-0.8505195842959853
40.485214,-80.3327987,0.00016267787188234411,-0.8491935484005905
40.4852131,-80.3327976,0.00016125684482532203,-0.8494711147126024
40.4852124,-80.3327968,0.00016019394495576987,-0.849303849345171
40.4852114,-80.3327955,0.00015855576306469146,-0.8501655628746616
40.485211,-80.3327948,0.00015776343049407734,-0.8517901748426132
40.4852097,-80.3327932,0.00015570244057169254,-0.8523206751176293
40.4852096,-80.3327925,0.00015510528681993174,-0.8565365025568276
40.4852086,-80.3327912,0.00015346745583813597,-0.8575107296005934
40.4852076,-80.3327899,0.00015182967430660917,-0.858506944513298
40.4852077,-80.3327892,0.000151364625981884,-0.8646288209864424
40.4852068,-80.3327877,0.00014964160517794855,-0.8681415929501802
40.4852063,-80.3327866,0.00014848356812244612,-0.872207327946889
40.4852053,-80.3327852,0.00014677128466081157,-0.8742081447469748
40.4852049,-80.3327844,0.00014590589432711035,-0.8769371012320493
40.4852041,-80.3327831,0.00014440124653306092,-0.8800738007152711
40.4852035,-80.3327824,0.00014347937133987634,-0.8802228412123951
40.4852023,-80.3327809,0.00014156058773869326,-0.8813559321602977
40.4852017,-80.33278,0.000140488753999084,-0.8831908831768494
40.4852007,-80.3327784,0.00013862788319723266,-0.8871745419963591
40.4852004,-80.3327785,0.00013850389886504403,-0.8834296723910904
40.4851994,-80.3327771,0.00013679272641783417,-0.8857421874864475
40.4851986,-80.3327757,0.00013521468115547446,-0.8900990098838552
40.4851978,-80.3327748,0.00013401052197555284,-0.890109890171513
40.4851968,-80.3327736,0.00013244931105667828,-0.8907987866675685
40.4851963,-80.3327726,0.00013137035434263635,-0.8947906026602193
40.4851955,-80.3327714,0.00012994279510996016,-0.8976215098772372
40.4851949,-80.3327703,0.0001287237351952468,-0.9016736401421745
40.4851944,-80.3327695,0.00012779487470091478,-0.9040084388204629
40.4851952,-80.3327691,0.00012803753355687537,-0.9163135593931571
40.4851946,-80.3327681,0.00012689511416845027,-0.9197002141809814
40.4851938,-80.3327669,0.0001254705144624833,-0.9229934924305442
40.4851936,-80.3327664,0.0001249675958019681,-0.9258451472813842
40.4851926,-80.3327651,0.00012333438288189192,-0.9280973450823142
40.4851915,-80.3327635,0.00012141367303672838,-0.9324324324432454
40.4851917,-80.3327633,0.00012140411854728728,-0.936794582454689
40.4851901,-80.3327614,0.00011892371504185163,-0.938869665534438
40.4851899,-80.3327604,0.00011805901067080295,-0.9474912485908603
40.4851894,-80.3327594,0.0001169896576676633,-0.9527744982655905
40.4851877,-80.3327577,0.00011458621208731579,-0.9518072288682174
40.4851875,-80.3327568,0.0001137974077064334,-0.9598051157621963
40.4851873,-80.3327556,0.00011279525699409965,-0.9715698393270036
40.4851866,-80.3327541,0.0001112329537538003,-0.9811083123017695
40.4851862,-80.3327535,0.00011052461264379602,-0.9835025381481914
40.4851844,-80.3327517,0.00010797911835739218,-0.9831168831051386
40.4851832,-80.3327503,0.00010613957791946102,-0.9854497354681351
40.4851833,-80.3327495,0.00010564184777738395,-0.9973262031775694
40.4851827,-80.3327481,0.00010422840304586864,-1.0081743869191346
40.4851823,-80.3327472,0.00010331122881998843,-1.015172413774043
40.4851817,-80.3327461,0.00010211248699098735,-1.022408963649548
40.485181,-80.3327449,0.00010077365726897376,-1.0299145299621104
40.4851808,-80.3327441,0.0001000738227546717,-1.0389048991799998
40.4851595,-80.3327262,7.233871715877647e-05,-0.9864077671068285
40.4851587,-80.3327253,7.113620738445041e-05,-0.9881422923535803
40.4851579,-80.3327246,7.007603014369975e-05,-0.985971943725978
40.4851569,-80.3327236,6.866185258050629e-05,-0.9856850716967699
40.485156,-80.3327227,6.73890940818848e-05,-0.9854166666463126
40.4851554,-80.3327219,6.639826804685648e-05,-0.9894067796871698
40.4851544,-80.3327209,6.498407497298308e-05,-0.9891774892047865
40.4851538,-80.33272,6.392260945700231e-05,-0.9955849890673871
40.4851528,-80.332719,6.250839943754269e-05,-0.9954853274213021
40.4851519,-80.332718,6.116477744717506e-05,-0.9976905311509217
40.4851511,-80.3327175,6.0246161709114055e-05,-0.9906542056648836
40.4851499,-80.3327166,5.8762658214147463e-05,-0.9832935562295969
40.4851489,-80.3327159,5.756283523182236e-05,-0.9757281554000837
40.4851479,-80.3327153,5.643580424436992e-05,-0.9655172413310316
40.4851466,-80.3327147,5.510362964504465e-05,-0.9475000000950351
40.4851456,-80.3327141,5.3981200438754147e-05,-0.9365482233392686
40.4851444,-80.3327136,5.2798674234332155e-05,-0.9177377891697461
40.4851433,-80.332713,5.16144359646473e-05,-0.9033942558586888
40.4851422,-80.3327123,5.035881253524825e-05,-0.8909574468537438
40.4851412,-80.3327117,4.924682731564665e-05,-0.8783783783212858
40.4851402,-80.3327112,4.821306877235893e-05,-0.8630136984194675
40.4851393,-80.3327105,4.7095647363525025e-05,-0.8547486032676863
40.4851386,-80.3327098,4.61087844172645e-05,-0.8518518517618813
40.4851374,-80.3327091,4.4800111611070244e-05,-0.8343023255237526
40.4851368,-80.3327082,4.3724821327615664e-05,-0.838805970177745
40.4851354,-80.3327077,4.244867489210316e-05,-0.8090909090243569
40.4851346,-80.332707,4.140169079006495e-05,-0.8018575852489694
40.4851337,-80.332706,4.005858210489001e-05,-0.7987220446682368
40.4851327,-80.3327052,3.881043674921587e-05,-0.7868852457985238
40.4851319,-80.3327044,3.7687265753658534e-05,-0.781144781210834
40.485131,-80.3327035,3.6424305071683006e-05,-0.7743055558433911
40.48513,-80.3327028,3.5260459448152854e-05,-0.758007117212756
40.4851292,-80.3327018,3.3980288404355224e-05,-0.7564575648484811
40.4851282,-80.332701,3.274049480559146e-05,-0.7414448668883071
40.4851275,-80.3326998,3.1360006378808477e-05,-0.7490039839814135
40.4851266,-80.3326992,3.034237960124727e-05,-0.7306122451749555
40.4851257,-80.3326984,2.916659047580009e-05,-0.7172995780514817
40.4851248,-80.3326973,2.7748333292024475e-05,-0.7123893804196816
40.4851238,-80.3326965,2.6518861210829165e-05,-0.6926605504377839
40.4851228,-80.3326954,2.504595776458474e-05,-0.6811594201107642
40.4851221,-80.3326949,2.4240462049190505e-05,-0.6633663363620119
40.4851212,-80.3326941,2.307834482958976e-05,-0.6443298971337685
40.4851204,-80.3326932,2.188926677368512e-05,-0.6324324326649549
40.4851195,-80.3326923,2.064945520718844e-05,-0.6136363637097668
40.4851186,-80.3326913,1.932795901990032e-05,-0.5963855424677854
40.4851177,-80.3326905,1.8183509015022256e-05,-0.5696202535288795
40.4851169,-80.3326895,1.691981087744243e-05,-0.5540540541967854
40.4851158,-80.3326888,1.578670326909233e-05,-0.5035460995838464
40.485115,-80.3326878,1.4536161808877018e-05,-0.480916030588177
40.4851139,-80.3326867,1.3078226179257014e-05,-0.4333333337280793
40.4851132,-80.332686,1.2163058824118631e-05,-0.3982300888517091
40.4851126,-80.3326852,1.12008928243736e-05,-0.37142857164125087
40.4851119,-80.3326842,1.0024470065607028e-05,-0.3368421053025231
40.4851113,-80.3326834,9.080198231576668e-06,-0.29885057510692026
40.4851105,-80.3326823,7.810249679295491e-06,-0.23684210511553822
40.4851101,-80.3326811,6.551335745773492e-06,-0.21875000020816682
40.4851098,-80.33268,5.412947438843616e-06,-0.2075471696342542
40.4851095,-80.3326787,4.079215615346182e-06,-0.20000000035527138
40.4851092,-80.3326775,2.8442925346760757e-06,-0.17857142784638497
40.4851091,-80.332676,1.360147059977137e-06,-0.3076923093740656
